DK_ID,DK_NAME,DK_TEAM,DK_POSITION,PROPOSED_PROVIDER_PLAYER_ID,PROPOSED_PROVIDER_NAME,PROPOSED_PROVIDER_TEAM,PROPOSED_PROVIDER_STATUS,MATCH_METHOD,DECISION,REVIEWED_PROVIDER_PLAYER_ID
44221420,Cardinals,ARI,DST,nflverse:DST:ARI:2026,Cardinals,ARI,TEAM_ENTITY,TEAM_DEFENSE_NICKNAME,ACCEPT,
44220258,Carson Beck,ARI,QB,00-0041561,Carson Beck,ARI,ACT,NORMALIZED_NAME_TEAM_POSITION,ACCEPT,
44220257,Gardner Minshew II,ARI,QB,00-0035289,Gardner Minshew,ARI,ACT,NORMALIZED_NAME_TEAM_POSITION,ACCEPT,
44220241,Jacoby Brissett,ARI,QB,00-0033119,Jacoby Brissett,ARI,ACT,NORMALIZED_NAME_TEAM_POSITION,ACCEPT,
44220454,Bam Knight,ARI,RB,00-0037157,Bam Knight,ARI,ACT,NORMALIZED_NAME_TEAM_POSITION,ACCEPT,
44220460,Evan Hull,ARI,RB,00-0038397,Evan Hull,ARI,DEV,NORMALIZED_NAME_TEAM_POSITION,ACCEPT,
44220456,James Conner,ARI,RB,00-0033553,James Conner,ARI,RES,NORMALIZED_NAME_TEAM_POSITION,ACCEPT,
44220342,Jeremiyah Love,ARI,RB,00-0041027,Jeremiyah Love,ARI,ACT,NORMALIZED_NAME_TEAM_POSITION,ACCEPT,
44220458,Trey Benson,ARI,RB,00-0039921,Trey Benson,ARI,RES,NORMALIZED_NAME_TEAM_POSITION,ACCEPT,
44220358,Tyler Allgeier,ARI,RB,00-0037263,Tyler Allgeier,ARI,ACT,NORMALIZED_NAME_TEAM_POSITION,ACCEPT,
44221220,Elijah Higgins,ARI,TE,00-0039041,Elijah Higgins,ARI,ACT,NORMALIZED_NAME_TEAM_POSITION,ACCEPT,
44221222,Hunter Long,ARI,TE,00-0037004,Hunter Long,ARI,ACT,NORMALIZED_NAME_TEAM_POSITION,ACCEPT,
44221226,Jameson Geers,ARI,TE,00-0041366,Jameson Geers,ARI,RES,NORMALIZED_NAME_TEAM_POSITION,ACCEPT,
44221230,Shawn Bowman,ARI,TE,00-0039550,Shawn Bowman,ARI,DEV,NORMALIZED_NAME_TEAM_POSITION,ACCEPT,
44221228,Teagan Quitoriano,ARI,TE,00-0037277,Teagan Quitoriano,ARI,DEV,NORMALIZED_NAME_TEAM_POSITION,ACCEPT,
44221224,Tip Reiman,ARI,TE,00-0039737,Tip Reiman,ARI,RES,NORMALIZED_NAME_TEAM_POSITION,ACCEPT,
44221104,Trey McBride,ARI,TE,00-0037744,Trey McBride,ARI,ACT,NORMALIZED_NAME_TEAM_POSITION,ACCEPT,
44220868,Devin Duvernay,ARI,WR,00-0036331,Devin Duvernay,ARI,ACT,NORMALIZED_NAME_TEAM_POSITION,ACCEPT,
44220872,Harrison Wallace III,ARI,WR,00-0041368,Harrison Wallace III,ARI,DEV,NORMALIZED_NAME_TEAM_POSITION,ACCEPT,
44284113,Ihmir Smith-Marsette,ARI,WR,00-0036635,Ihmir Smith-Marsette,CAR,DEV,NAME_POSITION_OTHER_TEAM,ACCEPT,00-0036635
44220864,Jalen Brooks,ARI,WR,00-0038640,Jalen Brooks,ARI,ACT,NORMALIZED_NAME_TEAM_POSITION,ACCEPT,
44220740,Kendrick Bourne,ARI,WR,00-0033307,Kendrick Bourne,ARI,ACT,NORMALIZED_NAME_TEAM_POSITION,ACCEPT,
44220686,Marvin Harrison Jr.,ARI,WR,00-0039849,Marvin Harrison Jr.,ARI,ACT,NORMALIZED_NAME_TEAM_POSITION,ACCEPT,
44220664,Michael Wilson,ARI,WR,00-0038559,Michael Wilson,ARI,ACT,NORMALIZED_NAME_TEAM_POSITION,ACCEPT,
44220870,Reggie Virgil,ARI,WR,00-0041070,Reggie Virgil,ARI,ACT,NORMALIZED_NAME_TEAM_POSITION,ACCEPT,
44220866,Simi Fehoko,ARI,WR,00-0036646,Simi Fehoko,ARI,ACT,NORMALIZED_NAME_TEAM_POSITION,ACCEPT,
44221410,Ravens,BAL,DST,nflverse:DST:BAL:2026,Ravens,BAL,TEAM_ENTITY,TEAM_DEFENSE_NICKNAME,ACCEPT,
44220298,Joe Fagnano,BAL,QB,00-0040981,Joe Fagnano,BAL,ACT,NORMALIZED_NAME_TEAM_POSITION,ACCEPT,
44220218,Lamar Jackson,BAL,QB,00-0034796,Lamar Jackson,BAL,ACT,NORMALIZED_NAME_TEAM_POSITION,ACCEPT,
44220299,Skylar Thompson,BAL,QB,00-0037327,Skylar Thompson,BAL,RES,NORMALIZED_NAME_TEAM_POSITION,ACCEPT,
44220297,Tyler Huntley,BAL,QB,00-0035993,Tyler Huntley,BAL,ACT,NORMALIZED_NAME_TEAM_POSITION,ACCEPT,
44220594,Adam Randall,BAL,RB,00-0040888,Adam Randall,BAL,RES,NORMALIZED_NAME_TEAM_POSITION,ACCEPT,
44220306,Derrick Henry,BAL,RB,00-0032764,Derrick Henry,BAL,ACT,NORMALIZED_NAME_TEAM_POSITION,ACCEPT,
44220596,Jonathan Ward,BAL,RB,00-0035924,Jonathan Ward,BAL,DEV,NORMALIZED_NAME_TEAM_POSITION,ACCEPT,
44220404,Justice Hill,BAL,RB,00-0034975,Justice Hill,BAL,ACT,NORMALIZED_NAME_TEAM_POSITION,ACCEPT,
44220592,Rasheen Ali,BAL,RB,00-0039796,Rasheen Ali,BAL,ACT,NORMALIZED_NAME_TEAM_POSITION,ACCEPT,
44221378,Durham Smythe,BAL,TE,00-0034798,Durham Smythe,BAL,ACT,NORMALIZED_NAME_TEAM_POSITION,ACCEPT,
44221382,Josh Cuevas,BAL,TE,00-0040887,Josh Cuevas,BAL,ACT,NORMALIZED_NAME_TEAM_POSITION,ACCEPT,
44221118,Mark Andrews,BAL,TE,00-0034753,Mark Andrews,BAL,ACT,NORMALIZED_NAME_TEAM_POSITION,ACCEPT,
44221380,Matt Hibner,BAL,TE,,,,,UNMATCHED,ACCEPT,00-0040879
44221386,Nick Vannett,BAL,TE,00-0032394,Nick Vannett,BAL,DEV,NORMALIZED_NAME_TEAM_POSITION,ACCEPT,
44221384,Ty Pezza,BAL,TE,00-0040986,Ty Pezza,BAL,DEV,NORMALIZED_NAME_TEAM,ACCEPT,
44220790,Chris Moore,BAL,WR,00-0032398,Chris Moore,BAL,ACT,NORMALIZED_NAME_TEAM_POSITION,ACCEPT,
44220752,Devontez Walker,BAL,WR,00-0039792,Devontez Walker,BAL,ACT,NORMALIZED_NAME_TEAM_POSITION,ACCEPT,
44220762,Elijah Sarratt,BAL,WR,00-0040876,Elijah Sarratt,BAL,ACT,NORMALIZED_NAME_TEAM_POSITION,ACCEPT,
44221090,Gage Larvadain,BAL,WR,00-0040259,Gage Larvadain,BAL,DEV,NORMALIZED_NAME_TEAM_POSITION,ACCEPT,
44220804,Ja'Kobi Lane,BAL,WR,00-0040870,Ja'Kobi Lane,BAL,RES,NORMALIZED_NAME_TEAM_POSITION,ACCEPT,
44220806,LaJohntay Wester,BAL,WR,00-0040075,LaJohntay Wester,BAL,ACT,NORMALIZED_NAME_TEAM_POSITION,ACCEPT,
44220684,Rashod Bateman,BAL,WR,00-0036550,Rashod Bateman,BAL,ACT,NORMALIZED_NAME_TEAM_POSITION,ACCEPT,
44284117,Shedrick Jackson,BAL,WR,00-0038891,Shedrick Jackson,BAL,DEV,NORMALIZED_NAME_TEAM_POSITION,ACCEPT,
44221092,Xavier Guillory,BAL,WR,00-0040099,Xavier Guillory,BAL,DEV,NORMALIZED_NAME_TEAM_POSITION,ACCEPT,
44220624,Zay Flowers,BAL,WR,00-0039064,Zay Flowers,BAL,ACT,NORMALIZED_NAME_TEAM_POSITION,ACCEPT,
44221409,Bills,BUF,DST,nflverse:DST:BUF:2026,Bills,BUF,TEAM_ENTITY,TEAM_DEFENSE_NICKNAME,ACCEPT,
44220217,Josh Allen,BUF,QB,00-0034857,Josh Allen,BUF,ACT,NORMALIZED_NAME_TEAM_POSITION,ACCEPT,
44220292,Kyle Allen,BUF,QB,00-0034577,Kyle Allen,BUF,ACT,NORMALIZED_NAME_TEAM_POSITION,ACCEPT,
44220293,Shane Buechele,BUF,QB,00-0036679,Shane Buechele,BUF,DEV,NORMALIZED_NAME_TEAM_POSITION,ACCEPT,
44220584,Brock Lampe,BUF,RB,00-0040567,Brock Lampe,BUF,DEV,NORMALIZED_NAME_TEAM_POSITION,ACCEPT,
44220582,Frank Gore Jr.,BUF,RB,00-0039471,Frank Gore Jr.,BUF,DEV,NORMALIZED_NAME_TEAM_POSITION,ACCEPT,
44220314,James Cook III,BUF,RB,00-0037248,James Cook,BUF,ACT,NORMALIZED_NAME_TEAM_POSITION,ACCEPT,
44220386,Ray Davis,BUF,RB,00-0039875,Ray Davis,BUF,ACT,NORMALIZED_NAME_TEAM_POSITION,ACCEPT,
44220416,Ty Johnson,BUF,RB,00-0035537,Ty Johnson,BUF,ACT,NORMALIZED_NAME_TEAM_POSITION,ACCEPT,
44221108,Dalton Kincaid,BUF,TE,00-0038933,Dalton Kincaid,BUF,ACT,NORMALIZED_NAME_TEAM_POSITION,ACCEPT,
44221164,Dawson Knox,BUF,TE,00-0035689,Dawson Knox,BUF,ACT,NORMALIZED_NAME_TEAM_POSITION,ACCEPT,
44221354,Jackson Hawes,BUF,TE,00-0040194,Jackson Hawes,BUF,ACT,NORMALIZED_NAME_TEAM_POSITION,ACCEPT,
44221356,Keleki Latu,BUF,TE,00-0040363,Keleki Latu,BUF,ACT,NORMALIZED_NAME_TEAM_POSITION,ACCEPT,
44220646,DJ Moore,BUF,WR,00-0034827,DJ Moore,BUF,ACT,NORMALIZED_NAME_TEAM_POSITION,ACCEPT,
44221060,Greg Dortch,BUF,WR,00-0035500,Greg Dortch,BUF,ACT,NORMALIZED_NAME_TEAM_POSITION,ACCEPT,
44221062,Ja'Mori Maclin,BUF,WR,00-0041272,Ja'Mori Maclin,BUF,DEV,NORMALIZED_NAME_TEAM_POSITION,ACCEPT,
44220756,Joshua Palmer,BUF,WR,,,,,UNMATCHED,ACCEPT,00-0036988
44220708,Keon Coleman,BUF,WR,00-0039901,Keon Coleman,BUF,ACT,NORMALIZED_NAME_TEAM_POSITION,ACCEPT,
44220678,Khalil Shakir,BUF,WR,00-0037261,Khalil Shakir,BUF,ACT,NORMALIZED_NAME_TEAM_POSITION,ACCEPT,
44221054,Skyler Bell,BUF,WR,00-0041443,Skyler Bell,BUF,ACT,NORMALIZED_NAME_TEAM_POSITION,ACCEPT,
44221058,Stephen Gosnell,BUF,WR,00-0040361,Stephen Gosnell,BUF,DEV,NORMALIZED_NAME_TEAM_POSITION,ACCEPT,
44221064,Trent Sherfield Sr.,BUF,WR,00-0034487,Trent Sherfield,BUF,DEV,NORMALIZED_NAME_TEAM_POSITION,ACCEPT,
44221056,Tyrell Shavers,BUF,WR,00-0038679,Tyrell Shavers,BUF,RES,NORMALIZED_NAME_TEAM_POSITION,ACCEPT,
44221406,Panthers,CAR,DST,nflverse:DST:CAR:2026,Panthers,CAR,TEAM_ENTITY,TEAM_DEFENSE_NICKNAME,ACCEPT,
44220229,Bryce Young,CAR,QB,00-0039150,Bryce Young,CAR,ACT,NORMALIZED_NAME_TEAM_POSITION,ACCEPT,
44220270,Haynes King,CAR,QB,00-0041149,Haynes King,CAR,ACT,NORMALIZED_NAME_TEAM_POSITION,ACCEPT,
44220269,Kenny Pickett,CAR,QB,00-0038102,Kenny Pickett,CAR,ACT,NORMALIZED_NAME_TEAM_POSITION,ACCEPT,
44220502,AJ Dillon,CAR,RB,00-0036265,AJ Dillon,CAR,ACT,NORMALIZED_NAME_TEAM_POSITION,ACCEPT,
44220508,Ahmani Marshall,CAR,RB,00-0040260,Ahmani Marshall,CAR,DEV,NORMALIZED_NAME_TEAM_POSITION,ACCEPT,
44220506,Anthony Tyus III,CAR,RB,00-0040394,Anthony Tyus III,CAR,ACT,NORMALIZED_NAME_TEAM_POSITION,ACCEPT,
44220330,Chuba Hubbard,CAR,RB,00-0036555,Chuba Hubbard,CAR,ACT,NORMALIZED_NAME_TEAM_POSITION,ACCEPT,
44220376,Jonathon Brooks,CAR,RB,00-0039344,Jonathon Brooks,CAR,RES,NORMALIZED_NAME_TEAM_POSITION,ACCEPT,
44220504,Trevor Etienne,CAR,RB,00-0040644,Trevor Etienne,CAR,RES,NORMALIZED_NAME_TEAM_POSITION,ACCEPT,
44221142,Darren Waller,CAR,TE,00-0031610,Darren Waller,CAR,ACT,NORMALIZED_NAME_TEAM_POSITION,ACCEPT,
44221280,Feleipe Franks,CAR,TE,00-0036825,Feleipe Franks,CAR,ACT,NORMALIZED_NAME_TEAM_POSITION,ACCEPT,
44221282,Ja'Tavion Sanders,CAR,TE,00-0039356,Ja'Tavion Sanders,CAR,ACT,NORMALIZED_NAME_TEAM_POSITION,ACCEPT,
44221278,Mitchell Evans,CAR,TE,00-0040187,Mitchell Evans,CAR,ACT,NORMALIZED_NAME_TEAM_POSITION,ACCEPT,
44221184,Tommy Tremble,CAR,TE,00-0037005,Tommy Tremble,CAR,ACT,NORMALIZED_NAME_TEAM_POSITION,ACCEPT,
44220938,Brycen Tremayne,CAR,WR,00-0038840,Brycen Tremayne,CAR,ACT,NORMALIZED_NAME_TEAM_POSITION,ACCEPT,
44220948,Casey Washington,CAR,WR,00-0039394,Casey Washington,CAR,DEV,NORMALIZED_NAME_TEAM_POSITION,ACCEPT,
44220942,Chris Brazzell II,CAR,WR,00-0041047,Chris Brazzell II,CAR,RES,NORMALIZED_NAME_TEAM_POSITION,ACCEPT,
44220950,David Moore,CAR,WR,00-0033589,David Moore,CAR,ACT,NORMALIZED_NAME_TEAM_POSITION,ACCEPT,
44220944,E.J. Williams Jr.,CAR,WR,00-0041011,E.J. Williams Jr.,CAR,CUT,NORMALIZED_NAME_TEAM_POSITION,ACCEPT,
44220946,Ja'seem Reed,CAR,WR,00-0040265,Ja'Seem Reed,CAR,DEV,NORMALIZED_NAME_TEAM_POSITION,ACCEPT,
44220654,Jalen Coker,CAR,WR,00-0039491,Jalen Coker,CAR,ACT,NORMALIZED_NAME_TEAM_POSITION,ACCEPT,
44220940,John Metchie III,CAR,WR,00-0037614,John Metchie III,CAR,ACT,NORMALIZED_NAME_TEAM_POSITION,ACCEPT,
44220642,Tetairoa McMillan,CAR,WR,00-0040124,Tetairoa McMillan,CAR,ACT,NORMALIZED_NAME_TEAM_POSITION,ACCEPT,
44220754,Xavier Legette,CAR,WR,00-0039342,Xavier Legette,CAR,ACT,NORMALIZED_NAME_TEAM_POSITION,ACCEPT,
44221407,Bengals,CIN,DST,nflverse:DST:CIN:2026,Bengals,CIN,TEAM_ENTITY,TEAM_DEFENSE_NICKNAME,ACCEPT,
44220220,Joe Burrow,CIN,QB,00-0036442,Joe Burrow,CIN,ACT,NORMALIZED_NAME_TEAM_POSITION,ACCEPT,
44220246,Joe Flacco,CIN,QB,00-0026158,Joe Flacco,CIN,ACT,NORMALIZED_NAME_TEAM_POSITION,ACCEPT,
44220276,Josh Johnson,CIN,QB,00-0026300,Josh Johnson,CIN,DEV,NORMALIZED_NAME_TEAM_POSITION,ACCEPT,
44220277,Sean Clifford,CIN,QB,00-0038391,Sean Clifford,CIN,DEV,NORMALIZED_NAME_TEAM_POSITION,ACCEPT,
44220320,Chase Brown,CIN,RB,00-0038597,Chase Brown,CIN,ACT,NORMALIZED_NAME_TEAM_POSITION,ACCEPT,
44220528,Kendall Milton,CIN,RB,00-0039266,Kendall Milton,CIN,DEV,NORMALIZED_NAME_TEAM_POSITION,ACCEPT,
44220526,Kentrel Bullock,CIN,RB,00-0041241,Kentrel Bullock,CIN,DEV,NORMALIZED_NAME_TEAM_POSITION,ACCEPT,
44220414,Samaje Perine,CIN,RB,00-0033526,Samaje Perine,CIN,ACT,NORMALIZED_NAME_TEAM_POSITION,ACCEPT,
44220524,Tahj Brooks,CIN,RB,00-0040208,Tahj Brooks,CIN,ACT,NORMALIZED_NAME_TEAM_POSITION,ACCEPT,
44221174,Drew Sample,CIN,TE,00-0035631,Drew Sample,CIN,ACT,NORMALIZED_NAME_TEAM_POSITION,ACCEPT,
44221296,Erick All Jr.,CIN,TE,00-0039814,Erick All,CIN,ACT,NORMALIZED_NAME_TEAM_POSITION,ACCEPT,
44221298,Jack Endries,CIN,TE,00-0041116,Jack Endries,CIN,ACT,NORMALIZED_NAME_TEAM_POSITION,ACCEPT,
44221146,Mike Gesicki,CIN,TE,00-0034829,Mike Gesicki,CIN,ACT,NORMALIZED_NAME_TEAM_POSITION,ACCEPT,
44221302,Tanner Hudson,CIN,TE,00-0034613,Tanner Hudson,CIN,ACT,NORMALIZED_NAME_TEAM_POSITION,ACCEPT,
44221300,William Wagner,CIN,TE,00-0040379,William Wagner,CIN,ACT,NORMALIZED_NAME_TEAM,ACCEPT,
44220820,Andrei Iosivas,CIN,WR,00-0038619,Andrei Iosivas,CIN,RES,NORMALIZED_NAME_TEAM_POSITION,ACCEPT,
44220972,Colbie Young,CIN,WR,00-0041069,Colbie Young,CIN,ACT,NORMALIZED_NAME_TEAM_POSITION,ACCEPT,
44220974,Dohnte Meyers,CIN,WR,00-0040785,Dohnte Meyers,CIN,ACT,NORMALIZED_NAME_TEAM_POSITION,ACCEPT,
44220612,Ja'Marr Chase,CIN,WR,00-0036900,Ja'Marr Chase,CIN,ACT,NORMALIZED_NAME_TEAM_POSITION,ACCEPT,
44220980,Jordan Moore,CIN,WR,00-0040375,Jordan Moore,CIN,DEV,NORMALIZED_NAME_TEAM_POSITION,ACCEPT,
44220976,Ke'Shawn Williams,CIN,WR,00-0040534,Ke'Shawn Williams,CIN,ACT,NORMALIZED_NAME_TEAM_POSITION,ACCEPT,
44220978,Noah Thomas,CIN,WR,00-0041248,Noah Thomas,CIN,DEV,NORMALIZED_NAME_TEAM_POSITION,ACCEPT,
44220638,Tee Higgins,CIN,WR,00-0036410,Tee Higgins,CIN,ACT,NORMALIZED_NAME_TEAM_POSITION,ACCEPT,
44221416,Browns,CLE,DST,nflverse:DST:CLE:2026,Browns,CLE,TEAM_ENTITY,TEAM_DEFENSE_NICKNAME,ACCEPT,
44220243,Deshaun Watson,CLE,QB,00-0033537,Deshaun Watson,CLE,ACT,NORMALIZED_NAME_TEAM_POSITION,ACCEPT,
44220272,Dillon Gabriel,CLE,QB,00-0040704,Dillon Gabriel,CLE,RES,NORMALIZED_NAME_TEAM_POSITION,ACCEPT,
44220249,Shedeur Sanders,CLE,QB,00-0040668,Shedeur Sanders,CLE,ACT,NORMALIZED_NAME_TEAM_POSITION,ACCEPT,
44220271,Taylen Green,CLE,QB,00-0041092,Taylen Green,CLE,ACT,NORMALIZED_NAME_TEAM_POSITION,ACCEPT,
44220426,Dylan Sampson,CLE,RB,00-0040162,Dylan Sampson,CLE,RES,NORMALIZED_NAME_TEAM_POSITION,ACCEPT,
44220514,Eric Gray,CLE,RB,00-0038396,Eric Gray,CLE,DEV,NORMALIZED_NAME_TEAM_POSITION,ACCEPT,
44220510,Jaleel McLaughlin,CLE,RB,00-0038794,Jaleel McLaughlin,CLE,ACT,NORMALIZED_NAME_TEAM_POSITION,ACCEPT,
44220512,Michael Burton,CLE,RB,00-0031595,Michael Burton,CLE,ACT,NORMALIZED_NAME_TEAM_POSITION,ACCEPT,
44220344,Quinshon Judkins,CLE,RB,00-0040784,Quinshon Judkins,CLE,ACT,NORMALIZED_NAME_TEAM_POSITION,ACCEPT,
44220380,Raheim Sanders,CLE,RB,00-0040466,Raheim Sanders,CLE,ACT,NORMALIZED_NAME_TEAM_POSITION,ACCEPT,
44221284,Blake Whiteheart,CLE,TE,00-0038710,Blake Whiteheart,CLE,ACT,NORMALIZED_NAME_TEAM_POSITION,ACCEPT,
44221286,Carsen Ryan,CLE,TE,00-0041131,Carsen Ryan,CLE,ACT,NORMALIZED_NAME_TEAM_POSITION,ACCEPT,
44221126,Harold Fannin Jr.,CLE,TE,00-0040663,Harold Fannin Jr.,CLE,ACT,NORMALIZED_NAME_TEAM_POSITION,ACCEPT,
44221288,Joe Royer,CLE,TE,00-0041087,Joe Royer,CLE,RES,NORMALIZED_NAME_TEAM_POSITION,ACCEPT,
44221290,Messiah Swinson,CLE,TE,00-0039275,Messiah Swinson,CLE,DEV,NORMALIZED_NAME_TEAM_POSITION,ACCEPT,
44220958,Bub Means,CLE,WR,00-0039386,Bub Means,CLE,DEV,NORMALIZED_NAME_TEAM_POSITION,ACCEPT,
44220692,Denzel Boston,CLE,WR,00-0041037,Denzel Boston,CLE,ACT,NORMALIZED_NAME_TEAM_POSITION,ACCEPT,
44220952,Isaiah Bond,CLE,WR,00-0040782,Isaiah Bond,CLE,ACT,NORMALIZED_NAME_TEAM_POSITION,ACCEPT,
44220736,Jerry Jeudy,CLE,WR,00-0036407,Jerry Jeudy,CLE,ACT,NORMALIZED_NAME_TEAM_POSITION,ACCEPT,
44220960,Jimmy Horn Jr.,CLE,WR,00-0040218,Jimmy Horn Jr.,CLE,DEV,NORMALIZED_NAME_TEAM_POSITION,ACCEPT,
44220704,KC Concepcion Jr.,CLE,WR,00-0041547,KC Concepcion,CLE,ACT,NORMALIZED_NAME_TEAM_POSITION,ACCEPT,
44220956,Malachi Corley,CLE,WR,00-0039920,Malachi Corley,CLE,ACT,NORMALIZED_NAME_TEAM_POSITION,ACCEPT,
44220954,Tylan Wallace,CLE,WR,00-0036630,Tylan Wallace,CLE,ACT,NORMALIZED_NAME_TEAM_POSITION,ACCEPT,
44221418,Cowboys,DAL,DST,nflverse:DST:DAL:2026,Cowboys,DAL,TEAM_ENTITY,TEAM_DEFENSE_NICKNAME,ACCEPT,
44220219,Dak Prescott,DAL,QB,00-0033077,Dak Prescott,DAL,ACT,NORMALIZED_NAME_TEAM_POSITION,ACCEPT,
44220301,Joe Milton III,DAL,QB,00-0039398,Joe Milton III,DAL,DEV,NORMALIZED_NAME_TEAM_POSITION,ACCEPT,
44220300,Sam Howell,DAL,QB,00-0037077,Sam Howell,DAL,ACT,NORMALIZED_NAME_TEAM_POSITION,ACCEPT,
44220400,Emari Demercado,DAL,RB,00-0038705,Emari Demercado,DAL,ACT,NORMALIZED_NAME_TEAM_POSITION,ACCEPT,
44220604,Hunter Luepke,DAL,RB,00-0038738,Hunter Luepke,DAL,ACT,NORMALIZED_NAME_TEAM_POSITION,ACCEPT,
44220602,Israel Abanikanda,DAL,RB,00-0038389,Israel Abanikanda,DAL,DEV,NORMALIZED_NAME_TEAM_POSITION,ACCEPT,
44220318,Javonte Williams,DAL,RB,00-0036997,Javonte Williams,DAL,ACT,NORMALIZED_NAME_TEAM_POSITION,ACCEPT,
44220600,Malik Davis,DAL,RB,00-0037563,Malik Davis,DAL,RES,NORMALIZED_NAME_TEAM_POSITION,ACCEPT,
44220598,Tyler Goodson,DAL,RB,00-0037120,Tyler Goodson,DAL,ACT,NORMALIZED_NAME_TEAM_POSITION,ACCEPT,
44221190,Brevyn Spann-Ford,DAL,TE,00-0039530,Brevyn Spann-Ford,DAL,ACT,NORMALIZED_NAME_TEAM_POSITION,ACCEPT,
44221392,DJ Rogers,DAL,TE,00-0040938,DJ Rogers,DAL,RES,NORMALIZED_NAME_TEAM_POSITION,ACCEPT,
44221124,Jake Ferguson,DAL,TE,00-0038041,Jake Ferguson,DAL,ACT,NORMALIZED_NAME_TEAM_POSITION,ACCEPT,
44221396,James Mitchell,DAL,TE,00-0037282,James Mitchell,DAL,DEV,NORMALIZED_NAME_TEAM_POSITION,ACCEPT,
44221388,Luke Schoonmaker,DAL,TE,00-0038547,Luke Schoonmaker,DAL,ACT,NORMALIZED_NAME_TEAM_POSITION,ACCEPT,
44221394,Michael Trigg,DAL,TE,00-0040939,Michael Trigg,DAL,DEV,NORMALIZED_NAME_TEAM_POSITION,ACCEPT,
44221390,Princeton Fant,DAL,TE,00-0038735,Princeton Fant,DAL,RES,NORMALIZED_NAME_TEAM_POSITION,ACCEPT,
44221098,Anthony Smith,DAL,WR,00-0040900,Anthony Smith,DAL,DEV,NORMALIZED_NAME_TEAM_POSITION,ACCEPT,
44221096,Camden Brown,DAL,WR,00-0040930,Camden Brown,DAL,ACT,NORMALIZED_NAME_TEAM_POSITION,ACCEPT,
44220616,CeeDee Lamb,DAL,WR,00-0036358,CeeDee Lamb,DAL,ACT,NORMALIZED_NAME_TEAM_POSITION,ACCEPT,
44220628,George Pickens,DAL,WR,00-0037247,George Pickens,DAL,ACT,NORMALIZED_NAME_TEAM_POSITION,ACCEPT,
44221094,Jonathan Mingo,DAL,WR,00-0039062,Jonathan Mingo,DAL,ACT,NORMALIZED_NAME_TEAM_POSITION,ACCEPT,
44221100,Jordan Hudson,DAL,WR,00-0040934,Jordan Hudson,DAL,DEV,NORMALIZED_NAME_TEAM_POSITION,ACCEPT,
44221102,KaVontae Turpin,DAL,WR,00-0037801,KaVontae Turpin,DAL,ACT,NORMALIZED_NAME_TEAM_POSITION,ACCEPT,
44220738,Ryan Flournoy,DAL,WR,00-0039410,Ryan Flournoy,DAL,ACT,NORMALIZED_NAME_TEAM_POSITION,ACCEPT,
44221401,Lions,DET,DST,nflverse:DST:DET:2026,Lions,DET,TEAM_ENTITY,TEAM_DEFENSE_NICKNAME,ACCEPT,
44220222,Jared Goff,DET,QB,00-0033106,Jared Goff,DET,ACT,NORMALIZED_NAME_TEAM_POSITION,ACCEPT,
44220280,Joshua Dobbs,DET,QB,00-0033949,Joshua Dobbs,DET,ACT,NORMALIZED_NAME_TEAM_POSITION,ACCEPT,
44220281,Luke Altmyer,DET,QB,00-0041453,Luke Altmyer,DET,DEV,NORMALIZED_NAME_TEAM_POSITION,ACCEPT,
44220542,Isiah Pacheco,DET,RB,00-0037197,Isiah Pacheco,DET,RES,NORMALIZED_NAME_TEAM_POSITION,ACCEPT,
44220544,Jabari Small,DET,RB,00-0039652,Jabari Small,DET,DEV,NORMALIZED_NAME_TEAM_POSITION,ACCEPT,
44220540,Jacob Saylors,DET,RB,00-0038896,Jacob Saylors,DET,ACT,NORMALIZED_NAME_TEAM_POSITION,ACCEPT,
44220302,Jahmyr Gibbs,DET,RB,00-0039139,Jahmyr Gibbs,DET,ACT,NORMALIZED_NAME_TEAM_POSITION,ACCEPT,
44220398,Sione Vaki,DET,RB,00-0039364,Sione Vaki,DET,ACT,NORMALIZED_NAME_TEAM_POSITION,ACCEPT,
44221182,Brock Wright,DET,TE,00-0036754,Brock Wright,DET,ACT,NORMALIZED_NAME_TEAM_POSITION,ACCEPT,
44221310,Jackson Meeks,DET,TE,00-0040390,Jackson Meeks,DET,ACT,NORMALIZED_NAME_TEAM_POSITION,ACCEPT,
44221120,Sam LaPorta,DET,TE,00-0039065,Sam LaPorta,DET,ACT,NORMALIZED_NAME_TEAM_POSITION,ACCEPT,
44221312,Thomas Gordon,DET,TE,00-0040697,Thomas Gordon,DET,DEV,NORMALIZED_NAME_TEAM_POSITION,ACCEPT,
44221308,Tyler Conklin,DET,TE,00-0034270,Tyler Conklin,DET,ACT,NORMALIZED_NAME_TEAM_POSITION,ACCEPT,
44220614,Amon-Ra St. Brown,DET,WR,00-0036963,Amon-Ra St. Brown,DET,ACT,NORMALIZED_NAME_TEAM_POSITION,ACCEPT,
44221002,Dominic Lovett,DET,WR,00-0040241,Dominic Lovett,DET,DEV,NORMALIZED_NAME_TEAM_POSITION,ACCEPT,
44220764,Isaac TeSlaa,DET,WR,00-0040669,Isaac TeSlaa,DET,ACT,NORMALIZED_NAME_TEAM_POSITION,ACCEPT,
44220656,Jameson Williams,DET,WR,00-0037240,Jameson Williams,DET,ACT,NORMALIZED_NAME_TEAM_POSITION,ACCEPT,
44220998,Kendrick Law,DET,WR,00-0041446,Kendrick Law,DET,RES,NORMALIZED_NAME_TEAM_POSITION,ACCEPT,
44221000,Lucky Jackson,DET,WR,00-0038181,Lucky Jackson,DET,DEV,NORMALIZED_NAME_TEAM_POSITION,ACCEPT,
44220996,Tay Martin,DET,WR,00-0037524,Tay Martin,DET,ACT,NORMALIZED_NAME_TEAM_POSITION,ACCEPT,
44220994,Tom Kennedy,DET,WR,00-0035544,Tom Kennedy,DET,ACT,NORMALIZED_NAME_TEAM_POSITION,ACCEPT,
44221404,Texans,HOU,DST,nflverse:DST:HOU:2026,Texans,HOU,TEAM_ENTITY,TEAM_DEFENSE_NICKNAME,ACCEPT,
44220230,C.J. Stroud,HOU,QB,00-0039163,C.J. Stroud,HOU,ACT,NORMALIZED_NAME_TEAM_POSITION,ACCEPT,
44220267,Davis Mills,HOU,QB,00-0036898,Davis Mills,HOU,ACT,NORMALIZED_NAME_TEAM_POSITION,ACCEPT,
44220268,Graham Mertz,HOU,QB,00-0040211,Graham Mertz,HOU,RES,NORMALIZED_NAME_TEAM_POSITION,ACCEPT,
44220496,British Brooks,HOU,RB,00-0039603,British Brooks,HOU,ACT,NORMALIZED_NAME_TEAM_POSITION,ACCEPT,
44220332,David Montgomery,HOU,RB,00-0035685,David Montgomery,HOU,ACT,NORMALIZED_NAME_TEAM_POSITION,ACCEPT,
44220498,Jawhar Jordan,HOU,RB,00-0039405,Jawhar Jordan,HOU,DEV,NORMALIZED_NAME_TEAM_POSITION,ACCEPT,
44220500,Noah Whittington,HOU,RB,00-0041312,Noah Whittington,HOU,DEV,NORMALIZED_NAME_TEAM_POSITION,ACCEPT,
44220360,Woody Marks,HOU,RB,00-0040583,Woody Marks,HOU,ACT,NORMALIZED_NAME_TEAM_POSITION,ACCEPT,
44221274,Brevin Jordan,HOU,TE,00-0036556,Brevin Jordan,HOU,ACT,NORMALIZED_NAME_TEAM_POSITION,ACCEPT,
44221272,Cade Stover,HOU,TE,00-0039359,Cade Stover,HOU,ACT,NORMALIZED_NAME_TEAM_POSITION,ACCEPT,
44221122,Dalton Schultz,HOU,TE,00-0034383,Dalton Schultz,HOU,ACT,NORMALIZED_NAME_TEAM_POSITION,ACCEPT,
44221178,Foster Moreau,HOU,TE,00-0034981,Foster Moreau,HOU,ACT,NORMALIZED_NAME_TEAM_POSITION,ACCEPT,
44221270,Marlin Klein,HOU,TE,00-0041472,Marlin Klein,HOU,ACT,NORMALIZED_NAME_TEAM_POSITION,ACCEPT,
44221276,Zaire Mitchell-Paden,HOU,TE,00-0037340,Zaire Mitchell-Paden,HOU,DEV,NORMALIZED_NAME_TEAM_POSITION,ACCEPT,
44220936,Bryce Oliver,HOU,WR,00-0039650,Bryce Oliver,HOU,DEV,NORMALIZED_NAME_TEAM_POSITION,ACCEPT,
44220930,Daniel Sobkowicz,HOU,WR,00-0041309,Daniel Sobkowicz,HOU,DEV,NORMALIZED_NAME_TEAM_POSITION,ACCEPT,
44220794,Jared Wayne,HOU,WR,00-0038728,Jared Wayne,HOU,ACT,NORMALIZED_NAME_TEAM_POSITION,ACCEPT,
44220928,Jayden Higgins,HOU,WR,00-0040130,Jayden Higgins,HOU,RES,NORMALIZED_NAME_TEAM_POSITION,ACCEPT,
44220746,Jaylin Noel,HOU,WR,00-0040138,Jaylin Noel,HOU,ACT,NORMALIZED_NAME_TEAM_POSITION,ACCEPT,
44220934,Josh Kelly,HOU,WR,00-0040049,Josh Kelly,HOU,DEV,NORMALIZED_NAME_TEAM_POSITION,ACCEPT,
44220694,Kayshon Boutte,HOU,WR,00-0038608,Kayshon Boutte,HOU,ACT,NORMALIZED_NAME_TEAM_POSITION,ACCEPT,
44220924,Lewis Bond,HOU,WR,00-0041467,Lewis Bond,HOU,ACT,NORMALIZED_NAME_TEAM_POSITION,ACCEPT,
44220932,Mitch Tinsley,HOU,WR,,,,,UNMATCHED,ACCEPT,00-0038839
44220622,Nico Collins,HOU,WR,00-0036554,Nico Collins,HOU,ACT,NORMALIZED_NAME_TEAM_POSITION,ACCEPT,
44220926,Tank Dell,HOU,WR,00-0038977,Tank Dell,HOU,RES,NORMALIZED_NAME_TEAM_POSITION,ACCEPT,
44220722,Xavier Hutchinson,HOU,WR,00-0038618,Xavier Hutchinson,HOU,ACT,NORMALIZED_NAME_TEAM_POSITION,ACCEPT,
44221415,Colts,IND,DST,nflverse:DST:IND:2026,Colts,IND,TEAM_ENTITY,TEAM_DEFENSE_NICKNAME,ACCEPT,
44220265,Anthony Richardson Sr.,IND,QB,00-0039164,Anthony Richardson,IND,ACT,NORMALIZED_NAME_TEAM_POSITION,ACCEPT,
44220237,Daniel Jones,IND,QB,00-0035710,Daniel Jones,IND,ACT,NORMALIZED_NAME_TEAM_POSITION,ACCEPT,
44220266,Riley Leonard,IND,QB,00-0040206,Riley Leonard,IND,ACT,NORMALIZED_NAME_TEAM_POSITION,ACCEPT,
44220492,Anderson Castle,IND,RB,00-0041486,Anderson Castle,IND,CUT,NORMALIZED_NAME_TEAM_POSITION,ACCEPT,
44220490,DJ Giddens,IND,RB,00-0040179,DJ Giddens,IND,ACT,NORMALIZED_NAME_TEAM_POSITION,ACCEPT,
44220494,Davon Booth,IND,RB,00-0041277,Davon Booth,IND,DEV,NORMALIZED_NAME_TEAM_POSITION,ACCEPT,
44220308,Jonathan Taylor,IND,RB,00-0036223,Jonathan Taylor,IND,ACT,NORMALIZED_NAME_TEAM_POSITION,ACCEPT,
44220408,Seth McGowan,IND,RB,00-0041125,Seth McGowan,IND,ACT,NORMALIZED_NAME_TEAM_POSITION,ACCEPT,
44221264,Carson Towt,IND,TE,00-0040853,Carson Towt,IND,RES,NORMALIZED_NAME_TEAM_POSITION,ACCEPT,
44221260,Drew Ogletree,IND,TE,,,,,UNMATCHED,ACCEPT,00-0037292
44221268,Kenny Fletcher Jr.,IND,TE,00-0041252,Kenny Fletcher Jr.,IND,DEV,NORMALIZED_NAME_TEAM_POSITION,ACCEPT,
44221258,Mo Alie-Cox,IND,TE,00-0033217,Mo Alie-Cox,IND,ACT,NORMALIZED_NAME_TEAM_POSITION,ACCEPT,
44221266,Pharaoh Brown,IND,TE,00-0033439,Pharaoh Brown,IND,DEV,NORMALIZED_NAME_TEAM_POSITION,ACCEPT,
44221110,Tyler Warren,IND,TE,00-0040128,Tyler Warren,IND,ACT,NORMALIZED_NAME_TEAM_POSITION,ACCEPT,
44221262,Will Mallory,IND,TE,00-0038394,Will Mallory,IND,RES,NORMALIZED_NAME_TEAM_POSITION,ACCEPT,
44220650,Alec Pierce,IND,WR,00-0037664,Alec Pierce,IND,RES,NORMALIZED_NAME_TEAM_POSITION,ACCEPT,
44220918,Anthony Gould,IND,WR,00-0039816,Anthony Gould,IND,ACT,NORMALIZED_NAME_TEAM_POSITION,ACCEPT,
44220782,Ashton Dulin,IND,WR,00-0035021,Ashton Dulin,IND,ACT,NORMALIZED_NAME_TEAM_POSITION,ACCEPT,
44220920,D.J. Montgomery,IND,WR,00-0035045,D.J. Montgomery,IND,RES,NORMALIZED_NAME_TEAM_POSITION,ACCEPT,
44270332,Darius Slayton,IND,WR,00-0035535,Darius Slayton,IND,ACT,NORMALIZED_NAME_TEAM_POSITION,ACCEPT,
44220772,Deion Burks,IND,WR,00-0041132,Deion Burks,IND,ACT,NORMALIZED_NAME_TEAM_POSITION,ACCEPT,
44284111,Eli Pancol,IND,WR,00-0040337,Eli Pancol,IND,DEV,NORMALIZED_NAME_TEAM_POSITION,ACCEPT,
44220648,Josh Downs,IND,WR,00-0038997,Josh Downs,IND,ACT,NORMALIZED_NAME_TEAM_POSITION,ACCEPT,
44220688,Keenan Allen,IND,WR,00-0030279,Keenan Allen,IND,ACT,NORMALIZED_NAME_TEAM_POSITION,ACCEPT,
44220798,Laquon Treadwell,IND,WR,00-0032951,Laquon Treadwell,IND,ACT,NORMALIZED_NAME_TEAM_POSITION,ACCEPT,
44220922,Nick Westbrook-Ikhine,IND,WR,00-0036182,Nick Westbrook-Ikhine,IND,ACT,NORMALIZED_NAME_TEAM_POSITION,ACCEPT,
44221408,Jaguars,JAX,DST,nflverse:DST:JAX:2026,Jaguars,JAX,TEAM_ENTITY,TEAM_DEFENSE_NICKNAME,ACCEPT,
44220284,Joey Aguilar,JAX,QB,00-0041203,Joey Aguilar,JAX,DEV,NORMALIZED_NAME_TEAM_POSITION,ACCEPT,
44220282,Nick Mullens,JAX,QB,00-0033319,Nick Mullens,JAX,DEV,NORMALIZED_NAME_TEAM_POSITION,ACCEPT,
44220283,Quinn Ewers,JAX,QB,00-0040234,Quinn Ewers,JAX,ACT,NORMALIZED_NAME_TEAM_POSITION,ACCEPT,
44220228,Trevor Lawrence,JAX,QB,00-0036971,Trevor Lawrence,JAX,ACT,NORMALIZED_NAME_TEAM_POSITION,ACCEPT,
44220606,Ameer Abdullah,JAX,RB,00-0032104,Ameer Abdullah,JAX,ACT,NORMALIZED_NAME_TEAM_POSITION,ACCEPT,
44220340,Bhayshul Tuten,JAX,RB,00-0040719,Bhayshul Tuten,JAX,ACT,NORMALIZED_NAME_TEAM_POSITION,ACCEPT,
44220378,Chris Rodriguez Jr.,JAX,RB,00-0038611,Chris Rodriguez Jr.,JAX,ACT,NORMALIZED_NAME_TEAM_POSITION,ACCEPT,
44220548,J'Mari Taylor,JAX,RB,00-0041217,J'Mari Taylor,JAX,DEV,NORMALIZED_NAME_TEAM_POSITION,ACCEPT,
44220546,LeQuint Allen Jr.,JAX,RB,00-0040238,LeQuint Allen Jr.,JAX,ACT,NORMALIZED_NAME_TEAM_POSITION,ACCEPT,
44284119,Brenden Bates,JAX,TE,00-0039458,Brenden Bates,JAX,DEV,NORMALIZED_NAME_TEAM_POSITION,ACCEPT,
44221140,Brenton Strange,JAX,TE,00-0038935,Brenton Strange,JAX,ACT,NORMALIZED_NAME_TEAM_POSITION,ACCEPT,
44221314,Nate Boerkircher,JAX,TE,00-0041503,Nate Boerkircher,JAX,ACT,NORMALIZED_NAME_TEAM_POSITION,ACCEPT,
44221316,Quintin Morris,JAX,TE,00-0036590,Quintin Morris,JAX,ACT,NORMALIZED_NAME_TEAM_POSITION,ACCEPT,
44221318,Tanner Koziol,JAX,TE,00-0041084,Tanner Koziol,JAX,ACT,NORMALIZED_NAME_TEAM_POSITION,ACCEPT,
44221014,Austin Trammell,JAX,WR,00-0036841,Austin Trammell,JAX,DEV,NORMALIZED_NAME_TEAM_POSITION,ACCEPT,
44220690,Brian Thomas Jr.,JAX,WR,00-0039893,Brian Thomas Jr.,JAX,ACT,NORMALIZED_NAME_TEAM_POSITION,ACCEPT,
44221006,CJ Williams,JAX,WR,00-0041106,C.J. Williams,JAX,ACT,NORMALIZED_NAME_TEAM_POSITION,ACCEPT,
44220680,Jakobi Meyers,JAX,WR,00-0034960,Jakobi Meyers,JAX,ACT,NORMALIZED_NAME_TEAM_POSITION,ACCEPT,
44221004,Josh Cameron,JAX,WR,00-0041100,Josh Cameron,JAX,ACT,NORMALIZED_NAME_TEAM_POSITION,ACCEPT,
44221012,Michael Wortham,JAX,WR,00-0041220,Michael Wortham,JAX,DEV,NORMALIZED_NAME_TEAM_POSITION,ACCEPT,
44220640,Parker Washington,JAX,WR,00-0038606,Parker Washington,JAX,ACT,NORMALIZED_NAME_TEAM_POSITION,ACCEPT,
44221010,Tim Jones,JAX,WR,00-0036497,Tim Jones,JAX,DEV,NORMALIZED_NAME_TEAM_POSITION,ACCEPT,
44220792,Travis Hunter,JAX,WR,00-0040718,Travis Hunter,JAX,ACT,NORMALIZED_NAME_TEAM_POSITION,ACCEPT,
44221008,Trebor Pena,JAX,WR,00-0041216,Trebor Pena,JAX,DEV,NORMALIZED_NAME_TEAM_POSITION,ACCEPT,
44221399,Chiefs,KC,DST,nflverse:DST:KC:2026,Chiefs,KC,TEAM_ENTITY,TEAM_DEFENSE_NICKNAME,ACCEPT,
44220289,Garrett Nussmeier,KC,QB,00-0040906,Garrett Nussmeier,KC,ACT,NORMALIZED_NAME_TEAM_POSITION,ACCEPT,
44220251,Justin Fields,KC,QB,00-0036945,Justin Fields,KC,ACT,NORMALIZED_NAME_TEAM_POSITION,ACCEPT,
44220223,Patrick Mahomes,KC,QB,00-0033873,Patrick Mahomes,KC,ACT,NORMALIZED_NAME_TEAM_POSITION,ACCEPT,
44220570,Ben VanSumeren,KC,RB,00-0038489,Ben VanSumeren,KC,ACT,NORMALIZED_NAME_TEAM_POSITION,ACCEPT,
44220566,Brashard Smith,KC,RB,00-0040078,Brashard Smith,KC,ACT,NORMALIZED_NAME_TEAM_POSITION,ACCEPT,
44220384,Emmett Johnson,KC,RB,00-0041013,Emmett Johnson,KC,ACT,NORMALIZED_NAME_TEAM_POSITION,ACCEPT,
44220572,Jaydn Ott,KC,RB,00-0040959,Jaydn Ott,KC,DEV,NORMALIZED_NAME_TEAM_POSITION,ACCEPT,
44220310,Kenneth Walker III,KC,RB,00-0038134,Kenneth Walker III,KC,ACT,NORMALIZED_NAME_TEAM_POSITION,ACCEPT,
44220568,Nate Carter,KC,RB,00-0040547,Nate Carter,KC,DEV,NORMALIZED_NAME_TEAM_POSITION,ACCEPT,
44221340,Jake Briningstool,KC,TE,00-0040081,Jake Briningstool,KC,ACT,NORMALIZED_NAME_TEAM_POSITION,ACCEPT,
44221346,James Winchester,KC,TE,00-0030615,James Winchester,KC,ACT,NORMALIZED_NAME_TEAM,ACCEPT,
44221342,Jared Wiley,KC,TE,00-0039824,Jared Wiley,KC,ACT,NORMALIZED_NAME_TEAM_POSITION,ACCEPT,
44221344,John Michael Gyllenborg,KC,TE,00-0040955,John Michael Gyllenborg,KC,RES,NORMALIZED_NAME_TEAM_POSITION,ACCEPT,
44221158,Noah Gray,KC,TE,00-0036637,Noah Gray,KC,ACT,NORMALIZED_NAME_TEAM_POSITION,ACCEPT,
44221348,Thomas Odukoya,KC,TE,00-0038145,Thomas Odukoya,KC,EXE,NORMALIZED_NAME_TEAM_POSITION,ACCEPT,
44221116,Travis Kelce,KC,TE,00-0030506,Travis Kelce,KC,ACT,NORMALIZED_NAME_TEAM_POSITION,ACCEPT,
44221044,Andrew Armstrong,KC,WR,00-0040298,Andrew Armstrong,KC,DEV,NORMALIZED_NAME_TEAM_POSITION,ACCEPT,
44220748,Cyrus Allen,KC,WR,00-0040890,Cyrus Allen,KC,ACT,NORMALIZED_NAME_TEAM_POSITION,ACCEPT,
44220810,Jalen Royals,KC,WR,00-0040646,Jalen Royals,KC,ACT,NORMALIZED_NAME_TEAM_POSITION,ACCEPT,
44221038,Jeff Caldwell,KC,WR,00-0040953,Jeff Caldwell,KC,RES,NORMALIZED_NAME_TEAM_POSITION,ACCEPT,
44221040,Jimmy Holiday,KC,WR,00-0040120,Jimmy Holiday,KC,RES,NORMALIZED_NAME_TEAM_POSITION,ACCEPT,
44221036,Nikko Remigio,KC,WR,00-0038519,Nikko Remigio,KC,ACT,NORMALIZED_NAME_TEAM_POSITION,ACCEPT,
44221042,Omari Evans,KC,WR,00-0040954,Omari Evans,KC,DEV,NORMALIZED_NAME_TEAM_POSITION,ACCEPT,
44220632,Rashee Rice,KC,WR,00-0039067,Rashee Rice,KC,ACT,NORMALIZED_NAME_TEAM_POSITION,ACCEPT,
44220770,Tyquan Thornton,KC,WR,00-0038104,Tyquan Thornton,KC,ACT,NORMALIZED_NAME_TEAM_POSITION,ACCEPT,
44220698,Xavier Worthy,KC,WR,00-0039894,Xavier Worthy,KC,ACT,NORMALIZED_NAME_TEAM_POSITION,ACCEPT,
44221421,Chargers,LAC,DST,nflverse:DST:LAC:2026,Chargers,LAC,TEAM_ENTITY,TEAM_DEFENSE_NICKNAME,ACCEPT,
44220291,DJ Uiagalelei,LAC,QB,00-0040464,DJ Uiagalelei,LAC,ACT,NORMALIZED_NAME_TEAM_POSITION,ACCEPT,
44220227,Justin Herbert,LAC,QB,00-0036355,Justin Herbert,LAC,ACT,NORMALIZED_NAME_TEAM_POSITION,ACCEPT,
44220290,Trey Lance,LAC,QB,00-0037012,Trey Lance,LAC,ACT,NORMALIZED_NAME_TEAM_POSITION,ACCEPT,
44220578,Alec Ingold,LAC,RB,00-0035125,Alec Ingold,LAC,ACT,NORMALIZED_NAME_TEAM_POSITION,ACCEPT,
44220576,Amar Johnson,LAC,RB,00-0040039,Amar Johnson,LAC,DEV,NORMALIZED_NAME_TEAM_POSITION,ACCEPT,
44220580,Gregory Desrosiers,LAC,RB,00-0041376,Gregory Desrosiers,LAC,DEV,NORMALIZED_NAME_TEAM_POSITION,ACCEPT,
44220394,Keaton Mitchell,LAC,RB,00-0038454,Keaton Mitchell,LAC,ACT,NORMALIZED_NAME_TEAM_POSITION,ACCEPT,
44220422,Kimani Vidal,LAC,RB,00-0039391,Kimani Vidal,LAC,ACT,NORMALIZED_NAME_TEAM_POSITION,ACCEPT,
44220316,Omarion Hampton,LAC,RB,00-0040666,Omarion Hampton,LAC,ACT,NORMALIZED_NAME_TEAM_POSITION,ACCEPT,
44220574,Scott Matlock,LAC,RB,00-0038614,Scott Matlock,LAC,RES,NORMALIZED_NAME_TEAM_POSITION,ACCEPT,
44221192,Charlie Kolar,LAC,TE,00-0038046,Charlie Kolar,LAC,ACT,NORMALIZED_NAME_TEAM_POSITION,ACCEPT,
44221168,David Njoku,LAC,TE,00-0033885,David Njoku,LAC,RES,NORMALIZED_NAME_TEAM_POSITION,ACCEPT,
44221350,Evan Svoboda,LAC,TE,00-0041384,Evan Svoboda,LAC,DEV,NORMALIZED_NAME_TEAM_POSITION,ACCEPT,
44221320,Hayden Rucci,LAC,TE,00-0039489,Hayden Rucci,LAC,ACT,NORMALIZED_NAME_TEAM_POSITION,ACCEPT,
44221136,Oronde Gadsden II,LAC,TE,00-0040189,Oronde Gadsden II,LAC,ACT,NORMALIZED_NAME_TEAM_POSITION,ACCEPT,
44221352,Patrick Herbert,LAC,TE,00-0040331,Patrick Herbert,LAC,ACT,NORMALIZED_NAME_TEAM_POSITION,ACCEPT,
44220814,Brenen Thompson,LAC,WR,00-0041550,Brenen Thompson,LAC,ACT,NORMALIZED_NAME_TEAM_POSITION,ACCEPT,
44221046,Derius Davis,LAC,WR,00-0038573,Derius Davis,LAC,ACT,NORMALIZED_NAME_TEAM_POSITION,ACCEPT,
44221048,Gary Jennings,LAC,WR,00-0035589,Gary Jennings,LAC,DEV,NORMALIZED_NAME_TEAM_POSITION,ACCEPT,
44220816,KeAndre Lambert-Smith,LAC,WR,00-0040184,KeAndre Lambert-Smith,LAC,RES,NORMALIZED_NAME_TEAM_POSITION,ACCEPT,
44220644,Ladd McConkey,LAC,WR,00-0039915,Ladd McConkey,LAC,ACT,NORMALIZED_NAME_TEAM_POSITION,ACCEPT,
44221052,Marquez Valdes-Scantling,LAC,WR,00-0034272,Marquez Valdes-Scantling,LAC,ACT,NORMALIZED_NAME_TEAM_POSITION,ACCEPT,
44220674,Quentin Johnston,LAC,WR,00-0038544,Quentin Johnston,LAC,ACT,NORMALIZED_NAME_TEAM_POSITION,ACCEPT,
44221050,Theo Wease Jr.,LAC,WR,00-0040311,Theo Wease Jr.,LAC,DEV,NORMALIZED_NAME_TEAM_POSITION,ACCEPT,
44220730,Tre' Harris,LAC,WR,00-0040727,Tre Harris,LAC,ACT,NORMALIZED_NAME_TEAM_POSITION,ACCEPT,
44221413,Raiders,LV,DST,nflverse:DST:LV:2026,Raiders,LV,TEAM_ENTITY,TEAM_DEFENSE_NICKNAME,ACCEPT,
44220254,Aidan O'Connell,LV,QB,00-0038579,Aidan O'Connell,LV,ACT,NORMALIZED_NAME_TEAM_POSITION,ACCEPT,
44220247,Fernando Mendoza,LV,QB,00-0041562,Fernando Mendoza,LV,ACT,NORMALIZED_NAME_TEAM_POSITION,ACCEPT,
44220242,Kirk Cousins,LV,QB,00-0029604,Kirk Cousins,LV,ACT,NORMALIZED_NAME_TEAM_POSITION,ACCEPT,
44220312,Ashton Jeanty,LV,RB,00-0040122,Ashton Jeanty,LV,ACT,NORMALIZED_NAME_TEAM_POSITION,ACCEPT,
44220438,Chris Collier,LV,RB,00-0039244,Chris Collier,LV,RES,NORMALIZED_NAME_TEAM_POSITION,ACCEPT,
44220442,Connor Heyward,LV,RB,00-0037304,Connor Heyward,LV,ACT,NORMALIZED_NAME_TEAM_POSITION,ACCEPT,
44220440,Dare Ogunbowale,LV,RB,00-0033854,Dare Ogunbowale,LV,DEV,NORMALIZED_NAME_TEAM_POSITION,ACCEPT,
44220436,Dylan Laube,LV,RB,00-0039407,Dylan Laube,LV,ACT,NORMALIZED_NAME_TEAM_POSITION,ACCEPT,
44220410,Mike Washington Jr.,LV,RB,00-0040878,Mike Washington Jr.,LV,ACT,NORMALIZED_NAME_TEAM_POSITION,ACCEPT,
44220444,Roman Hemby,LV,RB,00-0040998,Roman Hemby,LV,DEV,NORMALIZED_NAME_TEAM_POSITION,ACCEPT,
44221106,Brock Bowers,LV,TE,00-0039338,Brock Bowers,LV,ACT,NORMALIZED_NAME_TEAM_POSITION,ACCEPT,
44221208,Carter Runyon,LV,TE,00-0040488,Carter Runyon,LV,RES,NORMALIZED_NAME_TEAM_POSITION,ACCEPT,
44221206,Chris Myarick,LV,TE,00-0035345,Chris Myarick,LV,DEV,NORMALIZED_NAME_TEAM_POSITION,ACCEPT,
44221204,Ian Thomas,LV,TE,00-0034365,Ian Thomas,LV,ACT,NORMALIZED_NAME_TEAM_POSITION,ACCEPT,
44221144,Michael Mayer,LV,TE,00-0039066,Michael Mayer,LV,ACT,NORMALIZED_NAME_TEAM_POSITION,ACCEPT,
44221210,Patrick Gurd,LV,TE,00-0041016,Patrick Gurd,LV,DEV,NORMALIZED_NAME_TEAM_POSITION,ACCEPT,
44220788,Cody White,LV,WR,00-0035891,Cody White,LV,ACT,NORMALIZED_NAME_TEAM_POSITION,ACCEPT,
44220846,Corey Rucker,LV,WR,00-0041005,Corey Rucker,LV,RES,NORMALIZED_NAME_TEAM_POSITION,ACCEPT,
44220840,Dareke Young,LV,WR,00-0037093,Dareke Young,LV,ACT,NORMALIZED_NAME_TEAM_POSITION,ACCEPT,
44220848,Deven Thompkins,LV,WR,00-0037487,Deven Thompkins,LV,DEV,NORMALIZED_NAME_TEAM_POSITION,ACCEPT,
44220842,Dont'e Thornton Jr.,LV,WR,00-0040581,Dont'e Thornton Jr.,LV,RES,NORMALIZED_NAME_TEAM_POSITION,ACCEPT,
44220758,Jack Bech,LV,WR,00-0040729,Jack Bech,LV,ACT,NORMALIZED_NAME_TEAM_POSITION,ACCEPT,
44220744,Jalen Nailor,LV,WR,00-0037291,Jalen Nailor,LV,ACT,NORMALIZED_NAME_TEAM_POSITION,ACCEPT,
44220844,Justin Shorter,LV,WR,00-0038590,Justin Shorter,LV,RES,NORMALIZED_NAME_TEAM_POSITION,ACCEPT,
44220838,Malik Benson,LV,WR,00-0040894,Malik Benson,LV,ACT,NORMALIZED_NAME_TEAM_POSITION,ACCEPT,
44220850,Ronnie Bell,LV,WR,00-0038647,Ronnie Bell,LV,DEV,NORMALIZED_NAME_TEAM_POSITION,ACCEPT,
44220672,Tre Tucker,LV,WR,00-0038563,Tre Tucker,LV,ACT,NORMALIZED_NAME_TEAM_POSITION,ACCEPT,
44221423,Dolphins,MIA,DST,nflverse:DST:MIA:2026,Dolphins,MIA,TEAM_ENTITY,TEAM_DEFENSE_NICKNAME,ACCEPT,
44220288,Brady Cook,MIA,QB,00-0040398,Brady Cook,MIA,ACT,NORMALIZED_NAME_TEAM_POSITION,ACCEPT,
44220287,Kyle McCord,MIA,QB,00-0040014,Kyle McCord,MIA,ACT,NORMALIZED_NAME_TEAM_POSITION,ACCEPT,
44220239,Malik Willis,MIA,QB,00-0038128,Malik Willis,MIA,ACT,NORMALIZED_NAME_TEAM_POSITION,ACCEPT,
44220560,Carlos Washington Jr.,MIA,RB,00-0038930,Carlos Washington,MIA,DEV,NORMALIZED_NAME_TEAM_POSITION,ACCEPT,
44220562,DJ Herman,MIA,RB,00-0041436,DJ Herman,MIA,ACT,NORMALIZED_NAME_TEAM_POSITION,ACCEPT,
44220322,De'Von Achane,MIA,RB,00-0039040,De'Von Achane,MIA,ACT,NORMALIZED_NAME_TEAM_POSITION,ACCEPT,
44220564,Jarquez Hunter,MIA,RB,00-0040692,Jarquez Hunter,MIA,DEV,NORMALIZED_NAME_TEAM_POSITION,ACCEPT,
44220418,Jaylen Wright,MIA,RB,00-0039874,Jaylen Wright,MIA,ACT,NORMALIZED_NAME_TEAM_POSITION,ACCEPT,
44220558,Ollie Gordon II,MIA,RB,00-0040198,Ollie Gordon II,MIA,ACT,NORMALIZED_NAME_TEAM_POSITION,ACCEPT,
44221334,Cole Turner,MIA,TE,00-0037078,Cole Turner,MIA,RES,NORMALIZED_NAME_TEAM_POSITION,ACCEPT,
44221156,Greg Dulcich,MIA,TE,00-0037252,Greg Dulcich,MIA,ACT,NORMALIZED_NAME_TEAM_POSITION,ACCEPT,
44221332,Justin Joly,MIA,TE,00-0041077,Justin Joly,MIA,ACT,NORMALIZED_NAME_TEAM_POSITION,ACCEPT,
44284123,Luke Basso,MIA,TE,00-0041290,Luke Basso,MIA,DEV,NORMALIZED_NAME_TEAM,ACCEPT,
44221330,Seydou Traore,MIA,TE,00-0041579,Seydou Traore,MIA,ACT,NORMALIZED_NAME_TEAM_POSITION,ACCEPT,
44221338,Tre Watson,MIA,TE,00-0040094,Tre Watson,MIA,DEV,NORMALIZED_NAME_TEAM_POSITION,ACCEPT,
44221328,Will Kacmarek,MIA,TE,00-0041524,Will Kacmarek,MIA,ACT,NORMALIZED_NAME_TEAM_POSITION,ACCEPT,
44220732,Caleb Douglas,MIA,WR,00-0041523,Caleb Douglas,MIA,ACT,NORMALIZED_NAME_TEAM_POSITION,ACCEPT,
44220766,Chris Bell,MIA,WR,00-0041525,Chris Bell,MIA,ACT,NORMALIZED_NAME_TEAM_POSITION,ACCEPT,
44221032,Jalen Reagor,MIA,WR,00-0036387,Jalen Reagor,MIA,DEV,NORMALIZED_NAME_TEAM_POSITION,ACCEPT,
44221030,Jalen Tolbert,MIA,WR,00-0037666,Jalen Tolbert,MIA,ACT,NORMALIZED_NAME_TEAM_POSITION,ACCEPT,
44221028,Kevin Coleman Jr.,MIA,WR,00-0041529,Kevin Coleman Jr.,MIA,ACT,NORMALIZED_NAME_TEAM_POSITION,ACCEPT,
44220710,Malik Washington,MIA,WR,00-0039880,Malik Washington,MIA,ACT,NORMALIZED_NAME_TEAM_POSITION,ACCEPT,
44220786,Ryan Miller,MIA,WR,00-0038824,Ryan Miller,MIA,ACT,NORMALIZED_NAME_TEAM_POSITION,ACCEPT,
44221034,Will Sheppard,MIA,WR,00-0040753,Will Sheppard,MIA,DEV,NORMALIZED_NAME_TEAM_POSITION,ACCEPT,
44221405,Vikings,MIN,DST,nflverse:DST:MIN:2026,Vikings,MIN,TEAM_ENTITY,TEAM_DEFENSE_NICKNAME,ACCEPT,
44220244,Carson Wentz,MIN,QB,00-0032950,Carson Wentz,MIN,ACT,NORMALIZED_NAME_TEAM_POSITION,ACCEPT,
44220248,J.J. McCarthy,MIN,QB,00-0039923,J.J. McCarthy,MIN,ACT,NORMALIZED_NAME_TEAM_POSITION,ACCEPT,
44220235,Kyler Murray,MIN,QB,00-0035228,Kyler Murray,MIN,ACT,NORMALIZED_NAME_TEAM_POSITION,ACCEPT,
44220296,Max Brosmer,MIN,QB,00-0040494,Max Brosmer,MIN,DEV,NORMALIZED_NAME_TEAM_POSITION,ACCEPT,
44220334,Aaron Jones Sr.,MIN,RB,00-0033293,Aaron Jones,MIN,ACT,NORMALIZED_NAME_TEAM_POSITION,ACCEPT,
44220406,DeeJay Dallas,MIN,RB,00-0036425,DeeJay Dallas,MIN,ACT,NORMALIZED_NAME_TEAM_POSITION,ACCEPT,
44220392,Demond Claiborne,MIN,RB,00-0041104,Demond Claiborne,MIN,ACT,NORMALIZED_NAME_TEAM_POSITION,ACCEPT,
44284109,Jaret Patterson,MIN,RB,00-0036755,Jaret Patterson,MIN,DEV,NORMALIZED_NAME_TEAM_POSITION,ACCEPT,
44220590,Jerome Ford,MIN,RB,00-0037267,Jerome Ford,MIN,DEV,NORMALIZED_NAME_TEAM_POSITION,ACCEPT,
44220420,Jordan Mason,MIN,RB,00-0037525,Jordan Mason,MIN,RES,NORMALIZED_NAME_TEAM_POSITION,ACCEPT,
44220588,Max Bredeson,MIN,RB,00-0041081,Max Bredeson,MIN,ACT,NORMALIZED_NAME_TEAM_POSITION,ACCEPT,
44221374,Andrew DePaola,MIN,TE,00-0029714,Andrew DePaola,MIN,ACT,NORMALIZED_NAME_TEAM,ACCEPT,
44221372,Ben Yurosek,MIN,TE,00-0040509,Ben Yurosek,MIN,RES,NORMALIZED_NAME_TEAM_POSITION,ACCEPT,
44221376,Cam Grandy,MIN,TE,00-0039631,Cam Grandy,MIN,DEV,NORMALIZED_NAME_TEAM_POSITION,ACCEPT,
44221370,Gavin Bartholomew,MIN,TE,00-0040215,Gavin Bartholomew,MIN,ACT,NORMALIZED_NAME_TEAM_POSITION,ACCEPT,
44221368,Josh Oliver,MIN,TE,00-0035249,Josh Oliver,MIN,ACT,NORMALIZED_NAME_TEAM_POSITION,ACCEPT,
44221148,T.J. Hockenson,MIN,TE,00-0035229,T.J. Hockenson,MIN,ACT,NORMALIZED_NAME_TEAM_POSITION,ACCEPT,
44221082,Dillon Bell,MIN,WR,00-0041342,Dillon Bell,MIN,DEV,NORMALIZED_NAME_TEAM_POSITION,ACCEPT,
44220750,Jauan Jennings,MIN,WR,00-0036259,Jauan Jennings,MIN,ACT,NORMALIZED_NAME_TEAM_POSITION,ACCEPT,
44221084,Jeshaun Jones,MIN,WR,00-0039710,Jeshaun Jones,MIN,RES,NORMALIZED_NAME_TEAM_POSITION,ACCEPT,
44220676,Jordan Addison,MIN,WR,00-0038994,Jordan Addison,MIN,ACT,NORMALIZED_NAME_TEAM_POSITION,ACCEPT,
44220618,Justin Jefferson,MIN,WR,00-0036322,Justin Jefferson,MIN,ACT,NORMALIZED_NAME_TEAM_POSITION,ACCEPT,
44221086,Michael Briscoe,MIN,WR,00-0040970,Michael Briscoe,MIN,DEV,NORMALIZED_NAME_TEAM_POSITION,ACCEPT,
44221080,Myles Price,MIN,WR,00-0040506,Myles Price,MIN,ACT,NORMALIZED_NAME_TEAM_POSITION,ACCEPT,
44221078,Tai Felton,MIN,WR,00-0040154,Tai Felton,MIN,ACT,NORMALIZED_NAME_TEAM_POSITION,ACCEPT,
44221088,Trayvon Rudolph,MIN,WR,00-0041475,Trayvon Rudolph,MIN,CUT,NORMALIZED_NAME_TEAM_POSITION,ACCEPT,
44221411,Patriots,NE,DST,nflverse:DST:NE:2026,Patriots,NE,TEAM_ENTITY,TEAM_DEFENSE_NICKNAME,ACCEPT,
44220286,Behren Morton,NE,QB,00-0041123,Behren Morton,NE,ACT,NORMALIZED_NAME_TEAM_POSITION,ACCEPT,
44220224,Drake Maye,NE,QB,00-0039851,Drake Maye,NE,ACT,NORMALIZED_NAME_TEAM_POSITION,ACCEPT,
44220285,Tommy DeVito,NE,QB,00-0038476,Tommy DeVito,NE,ACT,NORMALIZED_NAME_TEAM_POSITION,ACCEPT,
44220550,Corey Kiner,NE,RB,00-0040556,Corey Kiner,NE,ACT,NORMALIZED_NAME_TEAM_POSITION,ACCEPT,
44220556,Lan Larison,NE,RB,00-0040568,Lan Larison,NE,DEV,NORMALIZED_NAME_TEAM_POSITION,ACCEPT,
44220552,Myles Montgomery,NE,RB,00-0041323,Myles Montgomery,NE,RES,NORMALIZED_NAME_TEAM_POSITION,ACCEPT,
44220554,Reggie Gilliam,NE,RB,00-0036187,Reggie Gilliam,NE,ACT,NORMALIZED_NAME_TEAM_POSITION,ACCEPT,
44220346,Rhamondre Stevenson,NE,RB,00-0036875,Rhamondre Stevenson,NE,ACT,NORMALIZED_NAME_TEAM_POSITION,ACCEPT,
44220354,TreVeyon Henderson,NE,RB,00-0040734,TreVeyon Henderson,NE,ACT,NORMALIZED_NAME_TEAM_POSITION,ACCEPT,
44221322,Cameron Latu,NE,TE,00-0038564,Cameron Latu,NE,ACT,NORMALIZED_NAME_TEAM_POSITION,ACCEPT,
44221160,Eli Raridon,NE,TE,00-0041395,Eli Raridon,NE,ACT,NORMALIZED_NAME_TEAM_POSITION,ACCEPT,
44221128,Hunter Henry,NE,TE,00-0033090,Hunter Henry,NE,ACT,NORMALIZED_NAME_TEAM_POSITION,ACCEPT,
44221326,Julian Hill,NE,TE,00-0038720,Julian Hill,NE,RES,NORMALIZED_NAME_TEAM_POSITION,ACCEPT,
44221324,Tanner Arkin,NE,TE,00-0041314,Tanner Arkin,NE,ACT,NORMALIZED_NAME_TEAM_POSITION,ACCEPT,
44284125,Tanner Conner,NE,TE,00-0037348,Tanner Conner,NE,DEV,NORMALIZED_NAME_TEAM_POSITION,ACCEPT,
44221018,A.J. Brown,NE,WR,00-0035676,A.J. Brown,NE,RES,NORMALIZED_NAME_TEAM_POSITION,ACCEPT,
44221022,Cameron Dorner,NE,WR,00-0041319,Cameron Dorner,NE,DEV,NORMALIZED_NAME_TEAM_POSITION,ACCEPT,
44221024,Chandler Brayboy,NE,WR,00-0040323,Chandler Brayboy,NE,DEV,NORMALIZED_NAME_TEAM_POSITION,ACCEPT,
44220742,DeMario Douglas,NE,WR,00-0038621,DeMario Douglas,NE,ACT,NORMALIZED_NAME_TEAM_POSITION,ACCEPT,
44221016,Efton Chism III,NE,WR,00-0040563,Efton Chism III,NE,ACT,NORMALIZED_NAME_TEAM_POSITION,ACCEPT,
44221020,Jeremiah Webb,NE,WR,00-0040570,Jeremiah Webb,NE,RES,NORMALIZED_NAME_TEAM_POSITION,ACCEPT,
44221026,Kyle Dixon,NE,WR,00-0041318,Kyle Dixon,NE,DEV,NORMALIZED_NAME_TEAM_POSITION,ACCEPT,
44220768,Kyle Williams,NE,WR,00-0040131,Kyle Williams,NE,ACT,NORMALIZED_NAME_TEAM_POSITION,ACCEPT,
44220712,Mack Hollins,NE,WR,00-0033555,Mack Hollins,NE,ACT,NORMALIZED_NAME_TEAM_POSITION,ACCEPT,
44220666,Romeo Doubs,NE,WR,00-0037816,Romeo Doubs,NE,ACT,NORMALIZED_NAME_TEAM_POSITION,ACCEPT,
44221403,Saints,NO,DST,nflverse:DST:NO:2026,Saints,NO,TEAM_ENTITY,TEAM_DEFENSE_NICKNAME,ACCEPT,
44220252,Spencer Rattler,NO,QB,00-0039376,Spencer Rattler,NO,ACT,NORMALIZED_NAME_TEAM_POSITION,ACCEPT,
44220232,Tyler Shough,NO,QB,00-0040743,Tyler Shough,NO,ACT,NORMALIZED_NAME_TEAM_POSITION,ACCEPT,
44220253,Zach Wilson,NO,QB,00-0037013,Zach Wilson,NO,ACT,NORMALIZED_NAME_TEAM_POSITION,ACCEPT,
44220370,Alvin Kamara,NO,RB,00-0033906,Alvin Kamara,NO,ACT,NORMALIZED_NAME_TEAM_POSITION,ACCEPT,
44220430,Audric Estime,NO,RB,,,,,UNMATCHED,ACCEPT,00-0039373
44220428,CJ Donaldson,NO,RB,00-0041326,CJ Donaldson,NO,ACT,NORMALIZED_NAME_TEAM_POSITION,ACCEPT,
44220402,Kendre Miller,NO,RB,00-0038551,Kendre Miller,NO,ACT,NORMALIZED_NAME_TEAM_POSITION,ACCEPT,
44220336,Travis Etienne Jr.,NO,RB,00-0036973,Travis Etienne,NO,ACT,NORMALIZED_NAME_TEAM_POSITION,ACCEPT,
44220432,Ty Chandler,NO,RB,00-0037276,Ty Chandler,NO,RES,NORMALIZED_NAME_TEAM_POSITION,ACCEPT,
44220434,Zamir White,NO,RB,00-0038040,Zamir White,NO,DEV,NORMALIZED_NAME_TEAM_POSITION,ACCEPT,
44221336,Cal Adomitis,NO,TE,00-0037412,Cal Adomitis,NO,ACT,NORMALIZED_NAME_TEAM,ACCEPT,
44221132,Juwan Johnson,NO,TE,00-0036040,Juwan Johnson,NO,ACT,NORMALIZED_NAME_TEAM_POSITION,ACCEPT,
44221198,Moliki Matavao,NO,TE,00-0040244,Moliki Matavao,NO,RES,NORMALIZED_NAME_TEAM_POSITION,ACCEPT,
44221150,Noah Fant,NO,TE,00-0035644,Noah Fant,NO,ACT,NORMALIZED_NAME_TEAM_POSITION,ACCEPT,
44221194,Oscar Delp,NO,TE,00-0041041,Oscar Delp,NO,ACT,NORMALIZED_NAME_TEAM_POSITION,ACCEPT,
44221200,Stone Smartt,NO,TE,00-0037475,Stone Smartt,NO,DEV,NORMALIZED_NAME_TEAM_POSITION,ACCEPT,
44221196,Treyton Welch,NO,TE,00-0039518,Treyton Welch,NO,ACT,NORMALIZED_NAME_TEAM_POSITION,ACCEPT,
44221202,Zach Wood,NO,TE,00-0033063,Zach Wood,NO,RES,NORMALIZED_NAME_TEAM,ACCEPT,
44220822,Barion Brown,NO,WR,00-0041099,Barion Brown,NO,ACT,NORMALIZED_NAME_TEAM_POSITION,ACCEPT,
44220800,Bryce Lance,NO,WR,00-0041067,Bryce Lance,NO,ACT,NORMALIZED_NAME_TEAM_POSITION,ACCEPT,
44220836,Cedric Tillman,NO,WR,00-0038979,Cedric Tillman,NO,DEV,NORMALIZED_NAME_TEAM_POSITION,ACCEPT,
44220620,Chris Olave,NO,WR,00-0037239,Chris Olave,NO,ACT,NORMALIZED_NAME_TEAM_POSITION,ACCEPT,
44220700,Devaughn Vele,NO,WR,00-0039424,Devaughn Vele,NO,ACT,NORMALIZED_NAME_TEAM_POSITION,ACCEPT,
44220830,Jalen Moreno-Cropper,NO,WR,00-0038740,Jalen Moreno-Cropper,NO,ACT,NORMALIZED_NAME_TEAM_POSITION,ACCEPT,
44220826,Jordyn Tyson,NO,WR,00-0041029,Jordyn Tyson,NO,RES,NORMALIZED_NAME_TEAM_POSITION,ACCEPT,
44220824,Kevin Austin Jr.,NO,WR,00-0037231,Kevin Austin Jr.,NO,ACT,NORMALIZED_NAME_TEAM_POSITION,ACCEPT,
44220832,Kyrese Rowan,NO,WR,00-0040633,Kyrese Rowan,NO,DEV,NORMALIZED_NAME_TEAM_POSITION,ACCEPT,
44220828,Mason Tipton,NO,WR,00-0039623,Mason Tipton,NO,RES,NORMALIZED_NAME_TEAM_POSITION,ACCEPT,
44220834,Trey Palmer,NO,WR,00-0039052,Trey Palmer,NO,DEV,NORMALIZED_NAME_TEAM_POSITION,ACCEPT,
44221402,Giants,NYG,DST,nflverse:DST:NYG:2026,Giants,NYG,TEAM_ENTITY,TEAM_DEFENSE_NICKNAME,ACCEPT,
44220262,Jake Haener,NYG,QB,00-0038998,Jake Haener,NYG,ACT,NORMALIZED_NAME_TEAM_POSITION,ACCEPT,
44220261,Jameis Winston,NYG,QB,00-0031503,Jameis Winston,NYG,ACT,NORMALIZED_NAME_TEAM_POSITION,ACCEPT,
44220226,Jaxson Dart,NYG,QB,00-0040691,Jaxson Dart,NYG,RES,NORMALIZED_NAME_TEAM_POSITION,ACCEPT,
44220328,Cam Skattebo,NYG,RB,00-0040715,Cam Skattebo,NYG,ACT,NORMALIZED_NAME_TEAM_POSITION,ACCEPT,
44220390,Devin Singletary,NYG,RB,00-0035250,Devin Singletary,NYG,ACT,NORMALIZED_NAME_TEAM_POSITION,ACCEPT,
44220478,Grant Finley,NYG,RB,00-0041585,Grant Finley,NYG,DEV,NORMALIZED_NAME_TEAM_POSITION,ACCEPT,
44220374,Najee Harris,NYG,RB,00-0036893,Najee Harris,NYG,ACT,NORMALIZED_NAME_TEAM_POSITION,ACCEPT,
44220480,Patrick Ricard,NYG,RB,00-0033376,Patrick Ricard,NYG,ACT,NORMALIZED_NAME_TEAM_POSITION,ACCEPT,
44220482,Phil Mafah,NYG,RB,00-0040021,Phil Mafah,NYG,DEV,NORMALIZED_NAME_TEAM_POSITION,ACCEPT,
44220412,Tyrone Tracy Jr.,NYG,RB,00-0039384,Tyrone Tracy Jr.,NYG,ACT,NORMALIZED_NAME_TEAM_POSITION,ACCEPT,
44221248,Ben Mann,NYG,TE,00-0041143,Ben Mann,NYG,ACT,NORMALIZED_NAME_TEAM,ACCEPT,
44221244,Chris Manhertz,NYG,TE,00-0031484,Chris Manhertz,NYG,ACT,NORMALIZED_NAME_TEAM_POSITION,ACCEPT,
44221114,Isaiah Likely,NYG,TE,00-0037838,Isaiah Likely,NYG,ACT,NORMALIZED_NAME_TEAM_POSITION,ACCEPT,
44221170,Theo Johnson,NYG,TE,00-0039847,Theo Johnson,NYG,ACT,NORMALIZED_NAME_TEAM_POSITION,ACCEPT,
44221246,Thomas Fidone II,NYG,TE,00-0040225,Thomas Fidone II,NYG,ACT,NORMALIZED_NAME_TEAM_POSITION,ACCEPT,
44220908,Braxton Berrios,NYG,WR,00-0034419,Braxton Berrios,NYG,ACT,NORMALIZED_NAME_TEAM_POSITION,ACCEPT,
44220898,Calvin Austin III,NYG,WR,00-0037837,Calvin Austin III,NYG,RES,NORMALIZED_NAME_TEAM_POSITION,ACCEPT,
44220906,Charlie Jones,NYG,WR,00-0038576,Charlie Jones,NYG,DEV,NORMALIZED_NAME_TEAM_POSITION,ACCEPT,
44220902,Dalen Cambre,NYG,WR,00-0040431,Dalen Cambre,NYG,DEV,NORMALIZED_NAME_TEAM_POSITION,ACCEPT,
44220716,Darnell Mooney,NYG,WR,00-0036309,Darnell Mooney,NYG,ACT,NORMALIZED_NAME_TEAM_POSITION,ACCEPT,
44220900,Gunner Olszewski,NYG,WR,00-0035645,Gunner Olszewski,NYG,RES,NORMALIZED_NAME_TEAM_POSITION,ACCEPT,
44220904,Jalin Hyatt,NYG,WR,00-0038938,Jalin Hyatt,NYG,DEV,NORMALIZED_NAME_TEAM_POSITION,ACCEPT,
44220702,Malachi Fields,NYG,WR,00-0041042,Malachi Fields,NYG,ACT,NORMALIZED_NAME_TEAM_POSITION,ACCEPT,
44220630,Malik Nabers,NYG,WR,00-0039337,Malik Nabers,NYG,ACT,NORMALIZED_NAME_TEAM_POSITION,ACCEPT,
44220778,Odell Beckham Jr.,NYG,WR,00-0031235,Odell Beckham Jr.,NYG,ACT,NORMALIZED_NAME_TEAM_POSITION,ACCEPT,
44221422,Jets,NYJ,DST,nflverse:DST:NYJ:2026,Jets,NYJ,TEAM_ENTITY,TEAM_DEFENSE_NICKNAME,ACCEPT,
44220279,Bailey Zappe,NYJ,QB,00-0038108,Bailey Zappe,NYJ,CUT,NORMALIZED_NAME_TEAM_POSITION,ACCEPT,
44220278,Cade Klubnik,NYJ,QB,00-0041056,Cade Klubnik,NYJ,ACT,NORMALIZED_NAME_TEAM_POSITION,ACCEPT,
44220240,Geno Smith,NYJ,QB,00-0030565,Geno Smith,NYJ,ACT,NORMALIZED_NAME_TEAM_POSITION,ACCEPT,
44270331,Will Levis,NYJ,QB,00-0039152,Will Levis,NYJ,DEV,NORMALIZED_NAME_TEAM_POSITION,ACCEPT,
44220538,Al-Jay Henderson,NYJ,RB,HEN032810,Al-Jay Henderson,NYJ,DEV,PLAYERS_INDEX_NAME_TEAM_POSITION,ACCEPT,
44220534,Andrew Beck,NYJ,RB,00-0034959,Andrew Beck,NYJ,ACT,NORMALIZED_NAME_TEAM_POSITION,ACCEPT,
44220388,Braelon Allen,NYJ,RB,00-0039794,Braelon Allen,NYJ,ACT,NORMALIZED_NAME_TEAM_POSITION,ACCEPT,
44220324,Breece Hall,NYJ,RB,00-0038120,Breece Hall,NYJ,ACT,NORMALIZED_NAME_TEAM_POSITION,ACCEPT,
44220536,Chip Trayanum,NYJ,RB,00-0041239,Chip Trayanum,NYJ,RES,NORMALIZED_NAME_TEAM_POSITION,ACCEPT,
44220530,Isaiah Davis,NYJ,RB,00-0039798,Isaiah Davis,NYJ,ACT,NORMALIZED_NAME_TEAM_POSITION,ACCEPT,
44220532,Kene Nwangwu,NYJ,RB,00-0036842,Kene Nwangwu,NYJ,ACT,NORMALIZED_NAME_TEAM_POSITION,ACCEPT,
44284121,Cody Hardy,NYJ,TE,00-0041327,Cody Hardy,NYJ,DEV,NORMALIZED_NAME_TEAM_POSITION,ACCEPT,
44221306,Jelani Woods,NYJ,TE,00-0037755,Jelani Woods,NYJ,ACT,NORMALIZED_NAME_TEAM_POSITION,ACCEPT,
44221304,Jeremy Ruckert,NYJ,TE,00-0037805,Jeremy Ruckert,NYJ,ACT,NORMALIZED_NAME_TEAM_POSITION,ACCEPT,
44221138,Kenyon Sadiq,NYJ,TE,00-0041032,Kenyon Sadiq,NYJ,ACT,NORMALIZED_NAME_TEAM_POSITION,ACCEPT,
44221186,Mason Taylor,NYJ,TE,00-0040736,Mason Taylor,NYJ,ACT,NORMALIZED_NAME_TEAM_POSITION,ACCEPT,
44220706,Adonai Mitchell,NYJ,WR,00-0039890,Adonai Mitchell,NYJ,ACT,NORMALIZED_NAME_TEAM_POSITION,ACCEPT,
44220982,Arian Smith,NYJ,WR,00-0040582,Arian Smith,NYJ,RES,NORMALIZED_NAME_TEAM_POSITION,ACCEPT,
44220634,Garrett Wilson,NYJ,WR,00-0037740,Garrett Wilson,NYJ,ACT,NORMALIZED_NAME_TEAM_POSITION,ACCEPT,
44220780,Isaiah Williams,NYJ,WR,00-0039451,Isaiah Williams,NYJ,ACT,NORMALIZED_NAME_TEAM_POSITION,ACCEPT,
44220988,Jamaal Pritchett,NYJ,WR,00-0040405,Jamaal Pritchett,NYJ,ACT,NORMALIZED_NAME_TEAM_POSITION,ACCEPT,
44220986,Malik McClain,NYJ,WR,00-0041267,Malik McClain,NYJ,ACT,NORMALIZED_NAME_TEAM_POSITION,ACCEPT,
44220808,Omar Cooper Jr.,NYJ,WR,00-0041511,Omar Cooper Jr.,NYJ,RES,NORMALIZED_NAME_TEAM_POSITION,ACCEPT,
44220990,Sterling Shepard,NYJ,WR,00-0032385,Sterling Shepard,NYJ,ACT,NORMALIZED_NAME_TEAM_POSITION,ACCEPT,
44220984,Tim Patrick,NYJ,WR,00-0033375,Tim Patrick,NYJ,RES,NORMALIZED_NAME_TEAM_POSITION,ACCEPT,
44220992,Tyler Johnson,NYJ,WR,00-0036427,Tyler Johnson,NYJ,DEV,NORMALIZED_NAME_TEAM_POSITION,ACCEPT,
44221412,Steelers,PIT,DST,nflverse:DST:PIT:2026,Steelers,PIT,TEAM_ENTITY,TEAM_DEFENSE_NICKNAME,ACCEPT,
44220238,Aaron Rodgers,PIT,QB,00-0023459,Aaron Rodgers,PIT,ACT,NORMALIZED_NAME_TEAM_POSITION,ACCEPT,
44220275,Drew Allar,PIT,QB,00-0041565,Drew Allar,PIT,ACT,NORMALIZED_NAME_TEAM_POSITION,ACCEPT,
44220273,Mason Rudolph,PIT,QB,00-0034771,Mason Rudolph,PIT,ACT,NORMALIZED_NAME_TEAM_POSITION,ACCEPT,
44220274,Will Howard,PIT,QB,00-0040203,Will Howard,PIT,ACT,NORMALIZED_NAME_TEAM_POSITION,ACCEPT,
44220518,Eli Heidenreich,PIT,RB,00-0041490,Eli Heidenreich,PIT,ACT,NORMALIZED_NAME_TEAM_POSITION,ACCEPT,
44220338,Jaylen Warren,PIT,RB,00-0037228,Jaylen Warren,PIT,ACT,NORMALIZED_NAME_TEAM_POSITION,ACCEPT,
44220520,Lew Nichols,PIT,RB,00-0038409,Lew Nichols III,PIT,ACT,NORMALIZED_NAME_TEAM_POSITION,ACCEPT,
44220372,Rico Dowdle,PIT,RB,00-0036139,Rico Dowdle,PIT,ACT,NORMALIZED_NAME_TEAM_POSITION,ACCEPT,
44220522,Riley Nowakowski,PIT,RB,00-0041398,Riley Nowakowski,PIT,ACT,NORMALIZED_NAME_TEAM_POSITION,ACCEPT,
44220516,Travis Homer,PIT,RB,00-0035594,Travis Homer,PIT,ACT,NORMALIZED_NAME_TEAM_POSITION,ACCEPT,
44221166,Darnell Washington,PIT,TE,00-0038558,Darnell Washington,PIT,ACT,NORMALIZED_NAME_TEAM_POSITION,ACCEPT,
44221294,Lake McRee,PIT,TE,00-0041263,Lake McRee,PIT,DEV,NORMALIZED_NAME_TEAM_POSITION,ACCEPT,
44221130,Pat Freiermuth,PIT,TE,00-0036894,Pat Freiermuth,PIT,ACT,NORMALIZED_NAME_TEAM_POSITION,ACCEPT,
44221292,Robert Tonyan,PIT,TE,00-0033757,Robert Tonyan,PIT,ACT,NORMALIZED_NAME_TEAM_POSITION,ACCEPT,
44220962,Ben Skowronek,PIT,WR,00-0036862,Ben Skowronek,PIT,ACT,NORMALIZED_NAME_TEAM_POSITION,ACCEPT,
44220970,Brandon Johnson,PIT,WR,00-0037382,Brandon Johnson,PIT,DEV,NORMALIZED_NAME_TEAM_POSITION,ACCEPT,
44220968,Brandon Smith,PIT,WR,00-0036775,Brandon Smith,PIT,DEV,NORMALIZED_NAME_TEAM_POSITION,ACCEPT,
44220966,Cole Burgess,PIT,WR,00-0039626,Cole Burgess,PIT,RES,NORMALIZED_NAME_TEAM_POSITION,ACCEPT,
44220658,DK Metcalf,PIT,WR,00-0035640,DK Metcalf,PIT,ACT,NORMALIZED_NAME_TEAM_POSITION,ACCEPT,
44220728,Germie Bernard,PIT,WR,00-0041489,Germie Bernard,PIT,ACT,NORMALIZED_NAME_TEAM_POSITION,ACCEPT,
44284115,Isaiah Hodgins,PIT,WR,00-0036165,Isaiah Hodgins,PIT,DEV,NORMALIZED_NAME_TEAM_POSITION,ACCEPT,
44220964,Kaden Wetjen,PIT,WR,00-0041397,Kaden Wetjen,PIT,ACT,NORMALIZED_NAME_TEAM_POSITION,ACCEPT,
44220682,Michael Pittman Jr.,PIT,WR,00-0036252,Michael Pittman,PIT,ACT,NORMALIZED_NAME_TEAM_POSITION,ACCEPT,
44220760,Roman Wilson,PIT,WR,00-0039739,Roman Wilson,PIT,ACT,NORMALIZED_NAME_TEAM_POSITION,ACCEPT,
44221398,Seahawks,SEA,DST,nflverse:DST:SEA:2026,Seahawks,SEA,TEAM_ENTITY,TEAM_DEFENSE_NICKNAME,ACCEPT,
44220234,Drew Lock,SEA,QB,00-0035704,Drew Lock,SEA,ACT,NORMALIZED_NAME_TEAM_POSITION,ACCEPT,
44220250,Jalen Milroe,SEA,QB,00-0040673,Jalen Milroe,SEA,ACT,NORMALIZED_NAME_TEAM_POSITION,ACCEPT,
44220231,Sam Darnold,SEA,QB,00-0034869,Sam Darnold,SEA,ACT,NORMALIZED_NAME_TEAM_POSITION,ACCEPT,
44220470,Brady Russell,SEA,RB,00-0038488,Brady Russell,SEA,ACT,NORMALIZED_NAME_TEAM_POSITION,ACCEPT,
44220364,Emanuel Wilson,SEA,RB,00-0038797,Emanuel Wilson,SEA,ACT,NORMALIZED_NAME_TEAM_POSITION,ACCEPT,
44220382,George Holani,SEA,RB,00-0039299,George Holani,SEA,ACT,NORMALIZED_NAME_TEAM_POSITION,ACCEPT,
44220474,Jacardia Wright,SEA,RB,00-0040067,Jacardia Wright,SEA,DEV,NORMALIZED_NAME_TEAM_POSITION,ACCEPT,
44220352,Jadarian Price,SEA,RB,00-0041512,Jadarian Price,SEA,ACT,NORMALIZED_NAME_TEAM_POSITION,ACCEPT,
44220476,Robbie Ouzts,SEA,RB,00-0040649,Robbie Ouzts,SEA,RES,NORMALIZED_NAME_TEAM_POSITION,ACCEPT,
44220472,Velus Jones Jr.,SEA,RB,00-0037745,Velus Jones Jr.,SEA,ACT,NORMALIZED_NAME_TEAM_POSITION,ACCEPT,
44220468,Zach Charbonnet,SEA,RB,00-0039165,Zach Charbonnet,SEA,RES,NORMALIZED_NAME_TEAM_POSITION,ACCEPT,
44221154,AJ Barner,SEA,TE,00-0039793,AJ Barner,SEA,ACT,NORMALIZED_NAME_TEAM_POSITION,ACCEPT,
44221240,Elijah Arroyo,SEA,TE,00-0040739,Elijah Arroyo,SEA,ACT,NORMALIZED_NAME_TEAM_POSITION,ACCEPT,
44221238,Eric Saubert,SEA,TE,00-0033576,Eric Saubert,SEA,ACT,NORMALIZED_NAME_TEAM_POSITION,ACCEPT,
44221242,Nick Kallerup,SEA,TE,00-0040058,Nick Kallerup,SEA,ACT,NORMALIZED_NAME_TEAM_POSITION,ACCEPT,
44220726,Cooper Kupp,SEA,WR,00-0033908,Cooper Kupp,SEA,ACT,NORMALIZED_NAME_TEAM_POSITION,ACCEPT,
44220896,Emmanuel Henderson Jr.,SEA,WR,00-0040895,Emmanuel Henderson Jr.,SEA,DEV,NORMALIZED_NAME_TEAM_POSITION,ACCEPT,
44220888,Irvin Charles,SEA,WR,00-0037156,Irvin Charles,SEA,RES,NORMALIZED_NAME_TEAM_POSITION,ACCEPT,
44220890,Jake Bobo,SEA,WR,00-0038752,Jake Bobo,SEA,RES,NORMALIZED_NAME_TEAM_POSITION,ACCEPT,
44220610,Jaxon Smith-Njigba,SEA,WR,00-0038543,Jaxon Smith-Njigba,SEA,ACT,NORMALIZED_NAME_TEAM_POSITION,ACCEPT,
44220894,Julian Hicks,SEA,WR,00-0039329,Julian Hicks,SEA,DEV,NORMALIZED_NAME_TEAM_POSITION,ACCEPT,
44220886,Montorie Foster Jr.,SEA,WR,00-0040621,Montorie Foster Jr,SEA,ACT,NORMALIZED_NAME_TEAM_POSITION,ACCEPT,
44220714,Rashid Shaheed,SEA,WR,00-0037545,Rashid Shaheed,SEA,ACT,NORMALIZED_NAME_TEAM_POSITION,ACCEPT,
44220892,Ricky White III,SEA,WR,00-0040653,Ricky White III,SEA,DEV,NORMALIZED_NAME_TEAM_POSITION,ACCEPT,
44220802,Tory Horton,SEA,WR,00-0040648,Tory Horton,SEA,ACT,NORMALIZED_NAME_TEAM_POSITION,ACCEPT,
44221400,49ers,SF,DST,nflverse:DST:SF:2026,49ers,SF,TEAM_ENTITY,TEAM_DEFENSE_NICKNAME,ACCEPT,
44220221,Brock Purdy,SF,QB,00-0037834,Brock Purdy,SF,ACT,NORMALIZED_NAME_TEAM_POSITION,ACCEPT,
44220256,Kurtis Rourke,SF,QB,00-0040589,Kurtis Rourke,SF,ACT,NORMALIZED_NAME_TEAM_POSITION,ACCEPT,
44220255,Mac Jones,SF,QB,00-0036972,Mac Jones,SF,ACT,NORMALIZED_NAME_TEAM_POSITION,ACCEPT,
44220304,Christian McCaffrey,SF,RB,00-0033280,Christian McCaffrey,SF,ACT,NORMALIZED_NAME_TEAM_POSITION,ACCEPT,
44220448,Isaac Guerendo,SF,RB,00-0039363,Isaac Guerendo,SF,RES,NORMALIZED_NAME_TEAM_POSITION,ACCEPT,
44220446,Jordan James,SF,RB,00-0040177,Jordan James,SF,ACT,NORMALIZED_NAME_TEAM_POSITION,ACCEPT,
44220366,Kaelon Black,SF,RB,00-0041052,Kaelon Black,SF,ACT,NORMALIZED_NAME_TEAM_POSITION,ACCEPT,
44220452,Kyle Juszczyk,SF,RB,00-0029892,Kyle Juszczyk,SF,ACT,NORMALIZED_NAME_TEAM_POSITION,ACCEPT,
44220450,Sincere McCormick,SF,RB,00-0037509,Sincere McCormick,SF,DEV,NORMALIZED_NAME_TEAM_POSITION,ACCEPT,
44221214,Brayden Willis,SF,TE,00-0038643,Brayden Willis,SF,ACT,NORMALIZED_NAME_TEAM_POSITION,ACCEPT,
44221112,George Kittle,SF,TE,00-0033288,George Kittle,SF,ACT,NORMALIZED_NAME_TEAM_POSITION,ACCEPT,
44221216,Jack Stoll,SF,TE,00-0036741,Jack Stoll,SF,DEV,NORMALIZED_NAME_TEAM_POSITION,ACCEPT,
44221176,Jake Tonges,SF,TE,00-0037112,Jake Tonges,SF,RES,NORMALIZED_NAME_TEAM_POSITION,ACCEPT,
44221218,Khalil Dinkins,SF,TE,00-0041357,Khalil Dinkins,SF,DEV,NORMALIZED_NAME_TEAM_POSITION,ACCEPT,
44221212,Luke Farrell,SF,TE,00-0036887,Luke Farrell,SF,ACT,NORMALIZED_NAME_TEAM_POSITION,ACCEPT,
44270334,Brandin Cooks,SF,WR,00-0031236,Brandin Cooks,SF,DEV,NORMALIZED_NAME_TEAM_POSITION,ACCEPT,
44220856,Brandon Aiyuk,SF,WR,00-0036261,Brandon Aiyuk,SF,RLS,PLAYERS_INDEX_NAME_TEAM_POSITION,ACCEPT,
44220854,Christian Kirk,SF,WR,00-0034775,Christian Kirk,SF,RES,NORMALIZED_NAME_TEAM_POSITION,ACCEPT,
44220818,De'Zhaun Stribling,SF,WR,00-0041035,De'Zhaun Stribling,SF,RES,NORMALIZED_NAME_TEAM_POSITION,ACCEPT,
44220662,Deebo Samuel Sr.,SF,WR,00-0035719,Deebo Samuel Sr.,SF,ACT,NORMALIZED_NAME_TEAM_POSITION,ACCEPT,
44220734,Demarcus Robinson,SF,WR,00-0032775,Demarcus Robinson,SF,RES,NORMALIZED_NAME_TEAM_POSITION,ACCEPT,
44220776,Jacob Cowing,SF,WR,00-0039365,Jacob Cowing,SF,ACT,NORMALIZED_NAME_TEAM_POSITION,ACCEPT,
44220796,Jordan Watkins,SF,WR,00-0040172,Jordan Watkins,SF,ACT,NORMALIZED_NAME_TEAM_POSITION,ACCEPT,
44220852,KhaDarel Hodge,SF,WR,00-0034854,KhaDarel Hodge,SF,ACT,NORMALIZED_NAME_TEAM_POSITION,ACCEPT,
44220626,Mike Evans,SF,WR,00-0031408,Mike Evans,SF,ACT,NORMALIZED_NAME_TEAM_POSITION,ACCEPT,
44220858,Ricky Pearsall,SF,WR,00-0039916,Ricky Pearsall,SF,RES,NORMALIZED_NAME_TEAM_POSITION,ACCEPT,
44220860,Wesley Grimes,SF,WR,00-0041359,Wesley Grimes,SF,DEV,NORMALIZED_NAME_TEAM_POSITION,ACCEPT,
44220862,Will Pauling,SF,WR,00-0041361,Will Pauling,SF,DEV,NORMALIZED_NAME_TEAM_POSITION,ACCEPT,
44221414,Buccaneers,TB,DST,nflverse:DST:TB:2026,Buccaneers,TB,TEAM_ENTITY,TEAM_DEFENSE_NICKNAME,ACCEPT,
44220233,Baker Mayfield,TB,QB,00-0034855,Baker Mayfield,TB,ACT,NORMALIZED_NAME_TEAM_POSITION,ACCEPT,
44220295,Easton Stick,TB,QB,00-0035282,Easton Stick,TB,DEV,NORMALIZED_NAME_TEAM_POSITION,ACCEPT,
44220294,Jalon Daniels,TB,QB,00-0041251,Jalon Daniels,TB,ACT,NORMALIZED_NAME_TEAM_POSITION,ACCEPT,
44220326,Bucky Irving,TB,RB,00-0039361,Bucky Irving,TB,ACT,NORMALIZED_NAME_TEAM_POSITION,ACCEPT,
44220586,Josh Williams,TB,RB,00-0040429,Josh Williams,TB,DEV,NORMALIZED_NAME_TEAM_POSITION,ACCEPT,
44220368,Kenny Gainwell,TB,RB,00-0036919,Kenny Gainwell,TB,ACT,NORMALIZED_NAME_TEAM_POSITION,ACCEPT,
44220424,Sean Tucker,TB,RB,00-0038951,Sean Tucker,TB,ACT,NORMALIZED_NAME_TEAM_POSITION,ACCEPT,
44221362,Bauer Sharp,TB,TE,00-0041094,Bauer Sharp,TB,ACT,NORMALIZED_NAME_TEAM_POSITION,ACCEPT,
44221366,CJ Dippre,TB,TE,00-0040566,CJ Dippre,TB,DEV,NORMALIZED_NAME_TEAM_POSITION,ACCEPT,
44221152,Cade Otton,TB,TE,00-0038129,Cade Otton,TB,ACT,NORMALIZED_NAME_TEAM_POSITION,ACCEPT,
44221364,Evan Deckers,TB,TE,00-0038817,Evan Deckers,TB,ACT,NORMALIZED_NAME_TEAM,ACCEPT,
44221360,Ko Kieft,TB,TE,00-0037311,Ko Kieft,TB,ACT,NORMALIZED_NAME_TEAM_POSITION,ACCEPT,
44221358,Payne Durham,TB,TE,00-0039050,Payne Durham,TB,ACT,NORMALIZED_NAME_TEAM_POSITION,ACCEPT,
44220660,Chris Godwin Jr.,TB,WR,00-0033921,Chris Godwin Jr.,TB,ACT,NORMALIZED_NAME_TEAM_POSITION,ACCEPT,
44221070,David Sills V,TB,WR,00-0035359,David Sills,TB,RES,NORMALIZED_NAME_TEAM_POSITION,ACCEPT,
44221076,Dean Patterson IV,TB,WR,00-0041435,Dean Patterson IV,TB,DEV,NORMALIZED_NAME_TEAM_POSITION,ACCEPT,
44220636,Emeka Egbuka,TB,WR,00-0040129,Emeka Egbuka,TB,ACT,NORMALIZED_NAME_TEAM_POSITION,ACCEPT,
44221072,Eric Rivers Jr.,TB,WR,00-0041257,Eric Rivers Jr.,TB,DEV,NORMALIZED_NAME_TEAM_POSITION,ACCEPT,
44221074,Garrett Greene,TB,WR,00-0040419,Garrett Greene,TB,DEV,NORMALIZED_NAME_TEAM_POSITION,ACCEPT,
44220718,Jalen McMillan,TB,WR,00-0039855,Jalen McMillan,TB,ACT,NORMALIZED_NAME_TEAM_POSITION,ACCEPT,
44221068,Kameron Johnson,TB,WR,00-0039589,Kameron Johnson,TB,ACT,NORMALIZED_NAME_TEAM_POSITION,ACCEPT,
44220812,Ted Hurst III,TB,WR,00-0041048,Ted Hurst III,TB,ACT,NORMALIZED_NAME_TEAM_POSITION,ACCEPT,
44221066,Tez Johnson,TB,WR,00-0040237,Tez Johnson,TB,ACT,NORMALIZED_NAME_TEAM_POSITION,ACCEPT,
44221417,Titans,TEN,DST,nflverse:DST:TEN:2026,Titans,TEN,TEAM_ENTITY,TEAM_DEFENSE_NICKNAME,ACCEPT,
44220236,Cam Ward,TEN,QB,00-0040676,Cam Ward,TEN,ACT,NORMALIZED_NAME_TEAM_POSITION,ACCEPT,
44220264,Hendon Hooker,TEN,QB,00-0038550,Hendon Hooker,TEN,DEV,NORMALIZED_NAME_TEAM_POSITION,ACCEPT,
44220263,Mitchell Trubisky,TEN,QB,00-0033869,Mitchell Trubisky,TEN,ACT,NORMALIZED_NAME_TEAM_POSITION,ACCEPT,
44220484,Julius Chestnut,TEN,RB,00-0037594,Julius Chestnut,TEN,ACT,NORMALIZED_NAME_TEAM_POSITION,ACCEPT,
44220488,Kalel Mullings,TEN,RB,00-0040205,Kalel Mullings,TEN,DEV,NORMALIZED_NAME_TEAM_POSITION,ACCEPT,
44220486,Michael Carter,TEN,RB,00-0036924,Michael Carter,TEN,ACT,NORMALIZED_NAME_TEAM_POSITION,ACCEPT,
44220608,Nick Singleton,TEN,RB,,,,,UNMATCHED,ACCEPT,00-0040886
44220348,Tony Pollard,TEN,RB,00-0035261,Tony Pollard,TEN,ACT,NORMALIZED_NAME_TEAM_POSITION,ACCEPT,
44220362,Tyjae Spears,TEN,RB,00-0039032,Tyjae Spears,TEN,ACT,NORMALIZED_NAME_TEAM_POSITION,ACCEPT,
44221180,Daniel Bellinger,TEN,TE,00-0038115,Daniel Bellinger,TEN,ACT,NORMALIZED_NAME_TEAM_POSITION,ACCEPT,
44221250,David Martin-Robinson,TEN,TE,00-0039648,David Martin-Robinson,TEN,ACT,NORMALIZED_NAME_TEAM_POSITION,ACCEPT,
44221162,Gunnar Helm,TEN,TE,00-0040584,Gunnar Helm,TEN,ACT,NORMALIZED_NAME_TEAM_POSITION,ACCEPT,
44221254,Jaren Kanak,TEN,TE,00-0040901,Jaren Kanak,TEN,RES,NORMALIZED_NAME_TEAM_POSITION,ACCEPT,
44221256,Joel Wilson,TEN,TE,00-0039023,Joel Wilson,TEN,DEV,NORMALIZED_NAME_TEAM_POSITION,ACCEPT,
44221252,Kylen Granson,TEN,TE,00-0036876,Kylen Granson,TEN,ACT,NORMALIZED_NAME_TEAM_POSITION,ACCEPT,
44220724,Calvin Ridley,TEN,WR,00-0034837,Calvin Ridley,TEN,ACT,NORMALIZED_NAME_TEAM_POSITION,ACCEPT,
44220670,Carnell Tate,TEN,WR,00-0041438,Carnell Tate,TEN,ACT,NORMALIZED_NAME_TEAM_POSITION,ACCEPT,
44220910,Chimere Dike,TEN,WR,00-0040705,Chimere Dike,TEN,ACT,NORMALIZED_NAME_TEAM_POSITION,ACCEPT,
44220774,Elic Ayomanor,TEN,WR,00-0040170,Elic Ayomanor,TEN,ACT,NORMALIZED_NAME_TEAM_POSITION,ACCEPT,
44220912,K.J. Osborn,TEN,WR,00-0036345,K.J. Osborn,TEN,DEV,NORMALIZED_NAME_TEAM_POSITION,ACCEPT,
44220916,Tyren Montgomery,TEN,WR,00-0040919,Tyren Montgomery,TEN,DEV,NORMALIZED_NAME_TEAM_POSITION,ACCEPT,
44220696,Wan'Dale Robinson,TEN,WR,00-0038117,Wan'Dale Robinson,TEN,ACT,NORMALIZED_NAME_TEAM_POSITION,ACCEPT,
44220914,Xavier Restrepo,TEN,WR,00-0040522,Xavier Restrepo,TEN,DEV,NORMALIZED_NAME_TEAM_POSITION,ACCEPT,
44221419,Commanders,WAS,DST,nflverse:DST:WAS:2026,Commanders,WAS,TEAM_ENTITY,TEAM_DEFENSE_NICKNAME,ACCEPT,
44220259,Athan Kaliakmanis,WAS,QB,00-0041117,Athan Kaliakmanis,WAS,ACT,NORMALIZED_NAME_TEAM_POSITION,ACCEPT,
44220225,Jayden Daniels,WAS,QB,00-0039910,Jayden Daniels,WAS,ACT,NORMALIZED_NAME_TEAM_POSITION,ACCEPT,
44220245,Marcus Mariota,WAS,QB,00-0032268,Marcus Mariota,WAS,ACT,NORMALIZED_NAME_TEAM_POSITION,ACCEPT,
44220260,Sam Hartman,WAS,QB,00-0039677,Sam Hartman,WAS,DEV,NORMALIZED_NAME_TEAM_POSITION,ACCEPT,
44220464,Craig Reynolds,WAS,RB,00-0035567,Craig Reynolds,WAS,DEV,NORMALIZED_NAME_TEAM_POSITION,ACCEPT,
44220350,Jacory Croskey-Merritt,WAS,RB,00-0040242,Jacory Croskey-Merritt,WAS,ACT,NORMALIZED_NAME_TEAM_POSITION,ACCEPT,
44220462,Jeremy McNichols,WAS,RB,00-0033955,Jeremy McNichols,WAS,RES,NORMALIZED_NAME_TEAM_POSITION,ACCEPT,
44220396,Kaytron Allen,WAS,RB,00-0041096,Kaytron Allen,WAS,ACT,NORMALIZED_NAME_TEAM_POSITION,ACCEPT,
44220356,Rachaad White,WAS,RB,00-0037256,Rachaad White,WAS,ACT,NORMALIZED_NAME_TEAM_POSITION,ACCEPT,
44220466,Robert Henry Jr.,WAS,RB,00-0041178,Robert Henry Jr.,WAS,DEV,NORMALIZED_NAME_TEAM_POSITION,ACCEPT,
44221172,Ben Sinnott,WAS,TE,00-0039912,Ben Sinnott,WAS,ACT,NORMALIZED_NAME_TEAM_POSITION,ACCEPT,
44221134,Chig Okonkwo,WAS,TE,00-0037809,Chig Okonkwo,WAS,ACT,NORMALIZED_NAME_TEAM_POSITION,ACCEPT,
44221232,Colson Yankoff,WAS,TE,00-0039686,Colson Yankoff,WAS,ACT,NORMALIZED_NAME_TEAM_POSITION,ACCEPT,
44221234,Jack Westover,WAS,TE,00-0039305,Jack Westover,WAS,DEV,NORMALIZED_NAME_TEAM_POSITION,ACCEPT,
44221188,John Bates,WAS,TE,00-0036628,John Bates,WAS,ACT,NORMALIZED_NAME_TEAM_POSITION,ACCEPT,
44221236,Tyler Ott,WAS,TE,00-0031156,Tyler Ott,WAS,ACT,NORMALIZED_NAME_TEAM,ACCEPT,
44220720,Antonio Williams,WAS,WR,00-0041040,Antonio Williams,WAS,ACT,NORMALIZED_NAME_TEAM_POSITION,ACCEPT,
44220784,Dyami Brown,WAS,WR,00-0036626,Dyami Brown,WAS,ACT,NORMALIZED_NAME_TEAM_POSITION,ACCEPT,
44220880,Jaden Bradley,WAS,WR,00-0041176,Jaden Bradley,WAS,DEV,NORMALIZED_NAME_TEAM_POSITION,ACCEPT,
44220874,Jaylin Lane,WAS,WR,00-0040164,Jaylin Lane,WAS,ACT,NORMALIZED_NAME_TEAM_POSITION,ACCEPT,
44220878,Luke McCaffrey,WAS,WR,00-0039355,Luke McCaffrey,WAS,ACT,NORMALIZED_NAME_TEAM_POSITION,ACCEPT,
44220882,River Cracraft,WAS,WR,00-0034054,River Cracraft,WAS,DEV,PLAYERS_INDEX_NAME_TEAM_POSITION,ACCEPT,
44220652,Stefon Diggs,WAS,WR,00-0031588,Stefon Diggs,WAS,ACT,NORMALIZED_NAME_TEAM_POSITION,ACCEPT,
44220668,Terry McLaurin,WAS,WR,00-0035659,Terry McLaurin,WAS,ACT,NORMALIZED_NAME_TEAM_POSITION,ACCEPT,
44220876,Treylon Burks,WAS,WR,00-0037742,Treylon Burks,WAS,ACT,NORMALIZED_NAME_TEAM_POSITION,ACCEPT,
44220884,Van Jefferson,WAS,WR,00-0036415,Van Jefferson,WAS,DEV,NORMALIZED_NAME_TEAM_POSITION,ACCEPT,
