Entry ID,Contest Name,Contest ID,Entry Fee,CPT,FLEX,FLEX,FLEX,FLEX,FLEX,,Instructions
5284812269,NFL Showdown $70K First Down [20 Entry Max] (ATL @ NO),196285159,$1,44358610,44358551,44358550,44358568,44358562,44358549,,1. Column A lists all of your contest entries for this draftgroup
5284796317,NFL Showdown $10K Quarter Jukebox [Just $0.25!] (ATL @ NO),196285160,$0.25,44358604,44358568,44358562,44358547,44358550,44358578,,2. Your current lineup is listed next to each entry (blank for reservations)
5284811761,NFL Showdown $10K Quarter Jukebox [Just $0.25!] (ATL @ NO),196285160,$0.25,44358606,44358571,44358551,44358554,44358562,44358549,,3. You can change the lineup for an entry by entering the IDs of the players in the row next to that entry
5284789239,NFL Showdown $5K Dime Package [Just $0.10!]  (ATL @ NO),196285161,$0.10,44358604,44358568,44358563,44358562,44358549,44358550,,4. Use data from the Name+ID column or the ID column; you cannot use just the player's name
5284789375,NFL Showdown $5K Dime Package [Just $0.10!]  (ATL @ NO),196285161,$0.10,44358610,44358578,44358550,44358547,44358568,44358549,,5. For faster processing only include entries you are changing in the file you upload
5284789376,NFL Showdown $5K Dime Package [Just $0.10!]  (ATL @ NO),196285161,$0.10,44358607,44358564,44358554,44358568,44358550,44358548,,
5284789377,NFL Showdown $5K Dime Package [Just $0.10!]  (ATL @ NO),196285161,$0.10,44358603,44358562,44358551,44358550,44358554,44358578,,Position,Name + ID,Name,ID,Roster Position,Salary,Game Info,TeamAbbrev,AvgPointsPerGame
5284789378,NFL Showdown $5K Dime Package [Just $0.10!]  (ATL @ NO),196285161,$0.10,44358603,44358564,44358551,44358549,44358554,44358578,,RB,Bijan Robinson (44358603),Bijan Robinson,44358603,CPT,17700,ATL@NO 10/05/2026 08:15PM ET,ATL,26.9
5284789379,NFL Showdown $5K Dime Package [Just $0.10!]  (ATL @ NO),196285161,$0.10,44358603,44358562,44358551,44358555,44358549,44358578,,WR,Chris Olave (44358604),Chris Olave,44358604,CPT,16200,ATL@NO 10/05/2026 08:15PM ET,NO,25.5
5284789380,NFL Showdown $5K Dime Package [Just $0.10!]  (ATL @ NO),196285161,$0.10,44358611,44358568,44358562,44358547,44358554,44358549,,WR,Drake London (44358605),Drake London,44358605,CPT,15000,ATL@NO 10/05/2026 08:15PM ET,ATL,15.27
5284789381,NFL Showdown $5K Dime Package [Just $0.10!]  (ATL @ NO),196285161,$0.10,44358618,44358551,44358550,44358547,44358568,44358554,,QB,Tyler Shough (44358606),Tyler Shough,44358606,CPT,14400,ATL@NO 10/05/2026 08:15PM ET,NO,26.13
5284789382,NFL Showdown $5K Dime Package [Just $0.10!]  (ATL @ NO),196285161,$0.10,44358606,44358564,44358555,44358547,44358568,44358554,,QB,Michael Penix Jr. (44358607),Michael Penix Jr.,44358607,CPT,13500,ATL@NO 10/05/2026 08:15PM ET,ATL,15.04
5284789383,NFL Showdown $5K Dime Package [Just $0.10!]  (ATL @ NO),196285161,$0.10,44358603,44358550,44358555,44358554,44358562,44358578,,RB,Travis Etienne Jr. (44358608),Travis Etienne Jr.,44358608,CPT,12000,ATL@NO 10/05/2026 08:15PM ET,NO,10.3
5284789384,NFL Showdown $5K Dime Package [Just $0.10!]  (ATL @ NO),196285161,$0.10,44358606,44358562,44358547,44358554,44358549,44358578,,RB,Bijan Robinson (44358547),Bijan Robinson,44358547,FLEX,11800,ATL@NO 10/05/2026 08:15PM ET,ATL,26.9
5284789385,NFL Showdown $5K Dime Package [Just $0.10!]  (ATL @ NO),196285161,$0.10,44358607,44358578,44358562,44358555,44358550,44358548,,WR,Devaughn Vele (44358609),Devaughn Vele,44358609,CPT,11700,ATL@NO 10/05/2026 08:15PM ET,NO,12.73
5284789386,NFL Showdown $5K Dime Package [Just $0.10!]  (ATL @ NO),196285161,$0.10,44358606,44358551,44358547,44358568,44358549,44358578,,TE,Juwan Johnson (44358610),Juwan Johnson,44358610,CPT,11100,ATL@NO 10/05/2026 08:15PM ET,NO,16.43
5284789387,NFL Showdown $5K Dime Package [Just $0.10!]  (ATL @ NO),196285161,$0.10,44358605,44358562,44358551,44358555,44358554,44358561,,WR,Chris Olave (44358548),Chris Olave,44358548,FLEX,10800,ATL@NO 10/05/2026 08:15PM ET,NO,25.5
5284789388,NFL Showdown $5K Dime Package [Just $0.10!]  (ATL @ NO),196285161,$0.10,44358610,44358550,44358555,44358547,44358580,44358549,,RB,Alvin Kamara (44358611),Alvin Kamara,44358611,CPT,10500,ATL@NO 10/05/2026 08:15PM ET,NO,6.15
5284789389,NFL Showdown $5K Dime Package [Just $0.10!]  (ATL @ NO),196285161,$0.10,44358606,44358571,44358562,44358555,44358547,44358554,,WR,Drake London (44358549),Drake London,44358549,FLEX,10000,ATL@NO 10/05/2026 08:15PM ET,ATL,15.27
5284789390,NFL Showdown $5K Dime Package [Just $0.10!]  (ATL @ NO),196285161,$0.10,44358617,44358551,44358550,44358555,44358547,44358568,,QB,Tyler Shough (44358550),Tyler Shough,44358550,FLEX,9600,ATL@NO 10/05/2026 08:15PM ET,NO,26.13
5284789391,NFL Showdown $5K Dime Package [Just $0.10!]  (ATL @ NO),196285161,$0.10,44358605,44358564,44358551,44358555,44358554,44358561,,QB,Michael Penix Jr. (44358551),Michael Penix Jr.,44358551,FLEX,9000,ATL@NO 10/05/2026 08:15PM ET,ATL,15.04
5284789392,NFL Showdown $5K Dime Package [Just $0.10!]  (ATL @ NO),196285161,$0.10,44358611,44358551,44358568,44358562,44358548,44358549,,QB,Zach Wilson (44358612),Zach Wilson,44358612,CPT,9000,ATL@NO 10/05/2026 08:15PM ET,NO,0
5284789393,NFL Showdown $5K Dime Package [Just $0.10!]  (ATL @ NO),196285161,$0.10,44358610,44358578,44358562,44358551,44358550,44358549,,QB,Tua Tagovailoa (44358613),Tua Tagovailoa,44358613,CPT,9000,ATL@NO 10/05/2026 08:15PM ET,ATL,0
5284804067,NFL Showdown $7.5K Daily Dollar [Single Entry] (ATL @ NO),196285178,$1,44358610,44358555,44358547,44358568,44358562,44358550,,QB,Jack Strand (44358614),Jack Strand,44358614,CPT,9000,ATL@NO 10/05/2026 08:15PM ET,ATL,1.96
5284816560,NFL Showdown Satellite to NBA 10-20 $20 Opening Tip Off (ATL @ NO),196287745,$0.25,44358605,44358564,44358551,44358550,44358554,44358568,,QB,Cooper Rush (44358615),Cooper Rush,44358615,CPT,9000,ATL@NO 10/05/2026 08:15PM ET,ATL,5.08
5284828093,NFL Showdown Satellite to NBA 10-20 $20 Opening Tip Off (ATL @ NO),196287745,$0.25,44358610,44358551,44358555,44358547,44358578,44358550,,QB,Spencer Rattler (44358616),Spencer Rattler,44358616,CPT,9000,ATL@NO 10/05/2026 08:15PM ET,NO,0
5284796763,NFL Showdown $20K mini-MAX [150 Max Entry] (ATL @ NO),196429904,$0.50,44358606,44358562,44358555,44358568,44358554,44358549,,TE,Kyle Pitts Sr. (44358617),Kyle Pitts Sr.,44358617,CPT,8700,ATL@NO 10/05/2026 08:15PM ET,ATL,1.33
5284816868,NFL Showdown Satellite to $20 NFL Fantasy Football Millionaire (ATL @ NO),196430106,$0.25,44358605,44358551,44358550,44358555,44358554,44358578,,K,Nick Folk (44358618),Nick Folk,44358618,CPT,8100,ATL@NO 10/05/2026 08:15PM ET,ATL,8
5284816959,NFL Showdown Satellite to $20 NFL Fantasy Football Millionaire (ATL @ NO),196430106,$0.25,44358603,44358569,44358562,44358554,44358561,44358549,,RB,Travis Etienne Jr. (44358552),Travis Etienne Jr.,44358552,FLEX,8000,ATL@NO 10/05/2026 08:15PM ET,NO,10.3
5284821080,NFL Showdown Satellite to $20 NFL Fantasy Football Millionaire (ATL @ NO),196432194,$0.10,44358604,44358563,44358555,44358568,44358550,44358554,,WR,Devaughn Vele (44358553),Devaughn Vele,44358553,FLEX,7800,ATL@NO 10/05/2026 08:15PM ET,NO,12.73
5284828437,NFL Showdown Satellite to $20 NFL Fantasy Football Millionaire (ATL @ NO),196432194,$0.10,44358605,44358551,44358547,44358554,44358562,44358578,,RB,Kendre Miller (44358619),Kendre Miller,44358619,CPT,7500,ATL@NO 10/05/2026 08:15PM ET,NO,6.45
5284828438,NFL Showdown Satellite to $20 NFL Fantasy Football Millionaire (ATL @ NO),196432194,$0.10,44358618,44358569,44358551,44358555,44358548,44358549,,TE,Juwan Johnson (44358554),Juwan Johnson,44358554,FLEX,7400,ATL@NO 10/05/2026 08:15PM ET,NO,16.43
5284828439,NFL Showdown Satellite to $20 NFL Fantasy Football Millionaire (ATL @ NO),196432194,$0.10,44358606,44358568,44358562,44358547,44358554,44358561,,K,Daniel Carlson (44358620),Daniel Carlson,44358620,CPT,7200,ATL@NO 10/05/2026 08:15PM ET,NO,7.33
5284828440,NFL Showdown Satellite to $20 NFL Fantasy Football Millionaire (ATL @ NO),196432194,$0.10,44358620,44358568,44358551,44358550,44358555,44358547,,K,Charlie Smyth (44358621),Charlie Smyth,44358621,CPT,7200,ATL@NO 10/05/2026 08:15PM ET,NO,0
5284828441,NFL Showdown Satellite to $20 NFL Fantasy Football Millionaire (ATL @ NO),196432194,$0.10,44358610,44358562,44358551,44358555,44358550,44358561,,RB,Alvin Kamara (44358555),Alvin Kamara,44358555,FLEX,7000,ATL@NO 10/05/2026 08:15PM ET,NO,6.15
5284828442,NFL Showdown Satellite to $20 NFL Fantasy Football Millionaire (ATL @ NO),196432194,$0.10,44358603,44358564,44358550,44358555,44358549,44358578,,TE,Noah Fant (44358622),Noah Fant,44358622,CPT,6600,ATL@NO 10/05/2026 08:15PM ET,NO,10.87
,,,,,,,,,,,DST,Saints  (44358623),Saints ,44358623,CPT,6300,ATL@NO 10/05/2026 08:15PM ET,NO,3.67
,,,,,,,,,,,QB,Zach Wilson (44358556),Zach Wilson,44358556,FLEX,6000,ATL@NO 10/05/2026 08:15PM ET,NO,0
,,,,,,,,,,,QB,Tua Tagovailoa (44358557),Tua Tagovailoa,44358557,FLEX,6000,ATL@NO 10/05/2026 08:15PM ET,ATL,0
,,,,,,,,,,,QB,Jack Strand (44358558),Jack Strand,44358558,FLEX,6000,ATL@NO 10/05/2026 08:15PM ET,ATL,1.96
,,,,,,,,,,,QB,Cooper Rush (44358559),Cooper Rush,44358559,FLEX,6000,ATL@NO 10/05/2026 08:15PM ET,ATL,5.08
,,,,,,,,,,,QB,Spencer Rattler (44358560),Spencer Rattler,44358560,FLEX,6000,ATL@NO 10/05/2026 08:15PM ET,NO,0
,,,,,,,,,,,TE,Kyle Pitts Sr. (44358561),Kyle Pitts Sr.,44358561,FLEX,5800,ATL@NO 10/05/2026 08:15PM ET,ATL,1.33
,,,,,,,,,,,RB,Brian Robinson Jr. (44358624),Brian Robinson Jr.,44358624,CPT,5700,ATL@NO 10/05/2026 08:15PM ET,ATL,7.6
,,,,,,,,,,,K,Nick Folk (44358562),Nick Folk,44358562,FLEX,5400,ATL@NO 10/05/2026 08:15PM ET,ATL,8
,,,,,,,,,,,DST,Falcons  (44358625),Falcons ,44358625,CPT,5400,ATL@NO 10/05/2026 08:15PM ET,ATL,4
,,,,,,,,,,,RB,Kendre Miller (44358563),Kendre Miller,44358563,FLEX,5000,ATL@NO 10/05/2026 08:15PM ET,NO,6.45
,,,,,,,,,,,K,Daniel Carlson (44358564),Daniel Carlson,44358564,FLEX,4800,ATL@NO 10/05/2026 08:15PM ET,NO,7.33
,,,,,,,,,,,K,Charlie Smyth (44358565),Charlie Smyth,44358565,FLEX,4800,ATL@NO 10/05/2026 08:15PM ET,NO,0
,,,,,,,,,,,WR,Jahan Dotson (44358626),Jahan Dotson,44358626,CPT,4500,ATL@NO 10/05/2026 08:15PM ET,ATL,2.7
,,,,,,,,,,,TE,Noah Fant (44358566),Noah Fant,44358566,FLEX,4400,ATL@NO 10/05/2026 08:15PM ET,NO,10.87
,,,,,,,,,,,DST,Saints  (44358567),Saints ,44358567,FLEX,4200,ATL@NO 10/05/2026 08:15PM ET,NO,3.67
,,,,,,,,,,,TE,Austin Hooper (44358627),Austin Hooper,44358627,CPT,4200,ATL@NO 10/05/2026 08:15PM ET,ATL,4.37
,,,,,,,,,,,RB,Brian Robinson Jr. (44358568),Brian Robinson Jr.,44358568,FLEX,3800,ATL@NO 10/05/2026 08:15PM ET,ATL,7.6
,,,,,,,,,,,DST,Falcons  (44358569),Falcons ,44358569,FLEX,3600,ATL@NO 10/05/2026 08:15PM ET,ATL,4
,,,,,,,,,,,WR,Zachariah Branch (44358628),Zachariah Branch,44358628,CPT,3600,ATL@NO 10/05/2026 08:15PM ET,ATL,1.7
,,,,,,,,,,,WR,Jahan Dotson (44358570),Jahan Dotson,44358570,FLEX,3000,ATL@NO 10/05/2026 08:15PM ET,ATL,2.7
,,,,,,,,,,,WR,Olamide Zaccheaus (44358629),Olamide Zaccheaus,44358629,CPT,3000,ATL@NO 10/05/2026 08:15PM ET,ATL,1.9
,,,,,,,,,,,TE,Austin Hooper (44358571),Austin Hooper,44358571,FLEX,2800,ATL@NO 10/05/2026 08:15PM ET,ATL,4.37
,,,,,,,,,,,WR,Bryce Lance (44358630),Bryce Lance,44358630,CPT,2700,ATL@NO 10/05/2026 08:15PM ET,NO,3
,,,,,,,,,,,WR,Zachariah Branch (44358572),Zachariah Branch,44358572,FLEX,2400,ATL@NO 10/05/2026 08:15PM ET,ATL,1.7
,,,,,,,,,,,RB,CJ Donaldson (44358631),CJ Donaldson,44358631,CPT,2100,ATL@NO 10/05/2026 08:15PM ET,NO,0.63
,,,,,,,,,,,WR,Olamide Zaccheaus (44358573),Olamide Zaccheaus,44358573,FLEX,2000,ATL@NO 10/05/2026 08:15PM ET,ATL,1.9
,,,,,,,,,,,WR,Bryce Lance (44358574),Bryce Lance,44358574,FLEX,1800,ATL@NO 10/05/2026 08:15PM ET,NO,3
,,,,,,,,,,,WR,Barion Brown (44358632),Barion Brown,44358632,CPT,1800,ATL@NO 10/05/2026 08:15PM ET,NO,0.15
,,,,,,,,,,,WR,Chris Blair (44358633),Chris Blair,44358633,CPT,1500,ATL@NO 10/05/2026 08:15PM ET,ATL,1.2
,,,,,,,,,,,RB,CJ Donaldson (44358575),CJ Donaldson,44358575,FLEX,1400,ATL@NO 10/05/2026 08:15PM ET,NO,0.63
,,,,,,,,,,,WR,Barion Brown (44358576),Barion Brown,44358576,FLEX,1200,ATL@NO 10/05/2026 08:15PM ET,NO,0.15
,,,,,,,,,,,WR,Kevin Austin Jr. (44358634),Kevin Austin Jr.,44358634,CPT,1200,ATL@NO 10/05/2026 08:15PM ET,NO,0.57
,,,,,,,,,,,WR,Chris Blair (44358577),Chris Blair,44358577,FLEX,1000,ATL@NO 10/05/2026 08:15PM ET,ATL,1.2
,,,,,,,,,,,TE,Charlie Woerner (44358635),Charlie Woerner,44358635,CPT,900,ATL@NO 10/05/2026 08:15PM ET,ATL,0
,,,,,,,,,,,WR,Kevin Austin Jr. (44358578),Kevin Austin Jr.,44358578,FLEX,800,ATL@NO 10/05/2026 08:15PM ET,NO,0.57
,,,,,,,,,,,TE,Charlie Woerner (44358579),Charlie Woerner,44358579,FLEX,600,ATL@NO 10/05/2026 08:15PM ET,ATL,0
,,,,,,,,,,,TE,Oscar Delp (44358636),Oscar Delp,44358636,CPT,600,ATL@NO 10/05/2026 08:15PM ET,NO,0.9
,,,,,,,,,,,TE,Oscar Delp (44358580),Oscar Delp,44358580,FLEX,400,ATL@NO 10/05/2026 08:15PM ET,NO,0.9
,,,,,,,,,,,RB,Khalil Herbert (44358637),Khalil Herbert,44358637,CPT,300,ATL@NO 10/05/2026 08:15PM ET,ATL,0
,,,,,,,,,,,RB,Ty Chandler (44358638),Ty Chandler,44358638,CPT,300,ATL@NO 10/05/2026 08:15PM ET,NO,0
,,,,,,,,,,,RB,Trey Sermon (44358639),Trey Sermon,44358639,CPT,300,ATL@NO 10/05/2026 08:15PM ET,ATL,0
,,,,,,,,,,,RB,Cash Jones (44358640),Cash Jones,44358640,CPT,300,ATL@NO 10/05/2026 08:15PM ET,ATL,0
,,,,,,,,,,,RB,Zamir White (44358641),Zamir White,44358641,CPT,300,ATL@NO 10/05/2026 08:15PM ET,NO,0
,,,,,,,,,,,WR,Beaux Collins (44358642),Beaux Collins,44358642,CPT,300,ATL@NO 10/05/2026 08:15PM ET,ATL,0
,,,,,,,,,,,WR,Jordyn Tyson (44358643),Jordyn Tyson,44358643,CPT,300,ATL@NO 10/05/2026 08:15PM ET,NO,0
,,,,,,,,,,,WR,Cedric Tillman (44358644),Cedric Tillman,44358644,CPT,300,ATL@NO 10/05/2026 08:15PM ET,NO,0
,,,,,,,,,,,WR,Dylan Drummond (44358645),Dylan Drummond,44358645,CPT,300,ATL@NO 10/05/2026 08:15PM ET,ATL,0
,,,,,,,,,,,WR,Antwane Wells Jr. (44358646),Antwane Wells Jr.,44358646,CPT,300,ATL@NO 10/05/2026 08:15PM ET,ATL,0
,,,,,,,,,,,WR,Vinny Anthony II (44358647),Vinny Anthony II,44358647,CPT,300,ATL@NO 10/05/2026 08:15PM ET,ATL,0
,,,,,,,,,,,WR,Trey Palmer (44358648),Trey Palmer,44358648,CPT,300,ATL@NO 10/05/2026 08:15PM ET,NO,0
,,,,,,,,,,,WR,Kyrese Rowan (44358649),Kyrese Rowan,44358649,CPT,300,ATL@NO 10/05/2026 08:15PM ET,NO,0
,,,,,,,,,,,WR,Jalen Moreno-Cropper (44358650),Jalen Moreno-Cropper,44358650,CPT,300,ATL@NO 10/05/2026 08:15PM ET,NO,0
,,,,,,,,,,,TE,Zach Wood (44358651),Zach Wood,44358651,CPT,300,ATL@NO 10/05/2026 08:15PM ET,NO,0
,,,,,,,,,,,TE,Treyton Welch (44358652),Treyton Welch,44358652,CPT,300,ATL@NO 10/05/2026 08:15PM ET,NO,0
,,,,,,,,,,,TE,Jack Velling (44358653),Jack Velling,44358653,CPT,300,ATL@NO 10/05/2026 08:15PM ET,ATL,0
,,,,,,,,,,,TE,Moliki Matavao (44358654),Moliki Matavao,44358654,CPT,300,ATL@NO 10/05/2026 08:15PM ET,NO,0
,,,,,,,,,,,TE,Nick Muse (44358655),Nick Muse,44358655,CPT,300,ATL@NO 10/05/2026 08:15PM ET,ATL,0
,,,,,,,,,,,TE,Cal Adomitis (44358656),Cal Adomitis,44358656,CPT,300,ATL@NO 10/05/2026 08:15PM ET,NO,0
,,,,,,,,,,,TE,Stone Smartt (44358657),Stone Smartt,44358657,CPT,300,ATL@NO 10/05/2026 08:15PM ET,NO,0
,,,,,,,,,,,WR,Mason Tipton (44358658),Mason Tipton,44358658,CPT,300,ATL@NO 10/05/2026 08:15PM ET,NO,0
,,,,,,,,,,,RB,Khalil Herbert (44358581),Khalil Herbert,44358581,FLEX,200,ATL@NO 10/05/2026 08:15PM ET,ATL,0
,,,,,,,,,,,RB,Ty Chandler (44358582),Ty Chandler,44358582,FLEX,200,ATL@NO 10/05/2026 08:15PM ET,NO,0
,,,,,,,,,,,RB,Trey Sermon (44358583),Trey Sermon,44358583,FLEX,200,ATL@NO 10/05/2026 08:15PM ET,ATL,0
,,,,,,,,,,,RB,Cash Jones (44358584),Cash Jones,44358584,FLEX,200,ATL@NO 10/05/2026 08:15PM ET,ATL,0
,,,,,,,,,,,RB,Zamir White (44358585),Zamir White,44358585,FLEX,200,ATL@NO 10/05/2026 08:15PM ET,NO,0
,,,,,,,,,,,WR,Beaux Collins (44358586),Beaux Collins,44358586,FLEX,200,ATL@NO 10/05/2026 08:15PM ET,ATL,0
,,,,,,,,,,,WR,Jordyn Tyson (44358587),Jordyn Tyson,44358587,FLEX,200,ATL@NO 10/05/2026 08:15PM ET,NO,0
,,,,,,,,,,,WR,Cedric Tillman (44358588),Cedric Tillman,44358588,FLEX,200,ATL@NO 10/05/2026 08:15PM ET,NO,0
,,,,,,,,,,,WR,Dylan Drummond (44358589),Dylan Drummond,44358589,FLEX,200,ATL@NO 10/05/2026 08:15PM ET,ATL,0
,,,,,,,,,,,WR,Antwane Wells Jr. (44358590),Antwane Wells Jr.,44358590,FLEX,200,ATL@NO 10/05/2026 08:15PM ET,ATL,0
,,,,,,,,,,,WR,Vinny Anthony II (44358591),Vinny Anthony II,44358591,FLEX,200,ATL@NO 10/05/2026 08:15PM ET,ATL,0
,,,,,,,,,,,WR,Trey Palmer (44358592),Trey Palmer,44358592,FLEX,200,ATL@NO 10/05/2026 08:15PM ET,NO,0
,,,,,,,,,,,WR,Kyrese Rowan (44358593),Kyrese Rowan,44358593,FLEX,200,ATL@NO 10/05/2026 08:15PM ET,NO,0
,,,,,,,,,,,WR,Jalen Moreno-Cropper (44358594),Jalen Moreno-Cropper,44358594,FLEX,200,ATL@NO 10/05/2026 08:15PM ET,NO,0
,,,,,,,,,,,TE,Zach Wood (44358595),Zach Wood,44358595,FLEX,200,ATL@NO 10/05/2026 08:15PM ET,NO,0
,,,,,,,,,,,TE,Treyton Welch (44358596),Treyton Welch,44358596,FLEX,200,ATL@NO 10/05/2026 08:15PM ET,NO,0
,,,,,,,,,,,TE,Jack Velling (44358597),Jack Velling,44358597,FLEX,200,ATL@NO 10/05/2026 08:15PM ET,ATL,0
,,,,,,,,,,,TE,Moliki Matavao (44358598),Moliki Matavao,44358598,FLEX,200,ATL@NO 10/05/2026 08:15PM ET,NO,0
,,,,,,,,,,,TE,Nick Muse (44358599),Nick Muse,44358599,FLEX,200,ATL@NO 10/05/2026 08:15PM ET,ATL,0
,,,,,,,,,,,TE,Cal Adomitis (44358600),Cal Adomitis,44358600,FLEX,200,ATL@NO 10/05/2026 08:15PM ET,NO,0
,,,,,,,,,,,TE,Stone Smartt (44358601),Stone Smartt,44358601,FLEX,200,ATL@NO 10/05/2026 08:15PM ET,NO,0
,,,,,,,,,,,WR,Mason Tipton (44358602),Mason Tipton,44358602,FLEX,200,ATL@NO 10/05/2026 08:15PM ET,NO,0
